Pressure 1;Pressure 2;Freq;Date;Time
0.00;-0.04;3494.16;04.06.2025;15:01:02
0.02;0.04;3498.62;04.06.2025;15:01:03
0.03;0.03;3503.58;04.06.2025;15:01:04
0.05;0.05;3430.39;04.06.2025;15:01:05
0.07;0.08;3464.12;04.06.2025;15:01:06
0.08;-0.04;3561.32;04.06.2025;15:01:07
0.10;0.10;3582.79;04.06.2025;15:01:08
0.12;0.07;3468.15;04.06.2025;15:01:09
0.13;0.10;3573.25;04.06.2025;15:01:10
0.15;0.17;3571.91;04.06.2025;15:01:11
0.17;0.16;3519.69;04.06.2025;15:01:12
0.18;0.19;3486.16;04.06.2025;15:01:13
0.20;0.23;3396.71;04.06.2025;15:01:14
0.22;0.25;3575.50;04.06.2025;15:01:15
0.23;0.24;3504.64;04.06.2025;15:01:16
0.25;0.28;3568.39;04.06.2025;15:01:17
0.27;0.24;3511.34;04.06.2025;15:01:18
0.28;0.28;3517.03;04.06.2025;15:01:19
0.30;0.34;3570.68;04.06.2025;15:01:20
0.32;0.26;3407.69;04.06.2025;15:01:21
0.33;0.33;3522.53;04.06.2025;15:01:22
0.35;0.31;3473.76;04.06.2025;15:01:23
0.36;0.34;3538.15;04.06.2025;15:01:24
0.39;0.45;3418.00;04.06.2025;15:01:25
0.40;0.39;3332.83;04.06.2025;15:01:26
0.42;0.38;3585.30;04.06.2025;15:01:27
0.43;0.45;3440.51;04.06.2025;15:01:28
0.45;0.36;3429.61;04.06.2025;15:01:29
0.46;0.46;3539.88;04.06.2025;15:01:30
0.49;0.50;3545.89;04.06.2025;15:01:31
0.50;0.49;3487.62;04.06.2025;15:01:32
0.51;0.52;3578.87;04.06.2025;15:01:33
0.54;0.61;3588.10;04.06.2025;15:01:34
0.55;0.57;3597.55;04.06.2025;15:01:35
0.57;0.53;3556.60;04.06.2025;15:01:36
0.59;0.57;3572.61;04.06.2025;15:01:37
0.60;0.59;3411.42;04.06.2025;15:01:38
0.61;0.63;3489.01;04.06.2025;15:01:39
0.63;0.66;3372.61;04.06.2025;15:01:40
0.65;0.68;3564.76;04.06.2025;15:01:41
0.66;0.70;3499.95;04.06.2025;15:01:42
0.68;0.69;3507.50;04.06.2025;15:01:43
0.70;0.75;3386.23;04.06.2025;15:01:44
0.72;0.77;3584.20;04.06.2025;15:01:45
0.74;0.73;3573.24;04.06.2025;15:01:46
0.75;0.80;3637.77;04.06.2025;15:01:47
0.76;0.77;3381.14;04.06.2025;15:01:48
0.79;0.84;3414.42;04.06.2025;15:01:49
0.80;0.82;3533.36;04.06.2025;15:01:50
0.81;0.79;3565.86;04.06.2025;15:01:51
0.83;0.83;3491.21;04.06.2025;15:01:52
0.85;0.85;3495.03;04.06.2025;15:01:53
0.87;0.77;3454.26;04.06.2025;15:01:54
0.88;0.87;3382.03;04.06.2025;15:01:55
0.90;0.84;3523.63;04.06.2025;15:01:56
0.91;0.89;3491.87;04.06.2025;15:01:57
0.94;0.93;3426.08;04.06.2025;15:01:58
0.96;0.93;3636.11;04.06.2025;15:01:59
0.97;0.97;3373.69;04.06.2025;15:02:00
0.98;0.95;3568.20;04.06.2025;15:02:01
0.99;0.95;3551.71;04.06.2025;15:02:02
0.99;0.98;0.00;04.06.2025;15:02:03
0.99;1.01;0.00;04.06.2025;15:02:04
0.99;0.95;0.00;04.06.2025;15:02:05
1.01;0.97;0.00;04.06.2025;15:02:06
1.00;0.97;0.00;04.06.2025;15:02:07
1.00;1.04;0.00;04.06.2025;15:02:08
1.00;0.98;0.00;04.06.2025;15:02:09
1.00;0.97;0.00;04.06.2025;15:02:10
1.00;1.00;0.00;04.06.2025;15:02:11
1.00;1.03;0.00;04.06.2025;15:02:12
0.99;1.04;0.00;04.06.2025;15:02:13
1.01;1.03;0.00;04.06.2025;15:02:14
1.01;0.97;0.00;04.06.2025;15:02:15
1.01;1.09;0.00;04.06.2025;15:02:16
0.99;1.01;0.00;04.06.2025;15:02:17
0.99;0.95;0.00;04.06.2025;15:02:18
1.00;1.03;0.00;04.06.2025;15:02:19
0.99;0.94;0.00;04.06.2025;15:02:20
1.00;0.97;0.00;04.06.2025;15:02:21
0.99;0.91;0.00;04.06.2025;15:02:22
0.99;1.02;0.00;04.06.2025;15:02:23
0.99;1.02;0.00;04.06.2025;15:02:24
1.01;0.95;0.00;04.06.2025;15:02:25
1.01;0.99;0.00;04.06.2025;15:02:26
1.00;0.96;0.00;04.06.2025;15:02:27
1.01;0.98;0.00;04.06.2025;15:02:28
1.00;1.02;0.00;04.06.2025;15:02:29
1.00;0.96;0.00;04.06.2025;15:02:30
1.00;0.96;0.00;04.06.2025;15:02:31
1.00;1.00;0.00;04.06.2025;15:02:32
0.99;0.99;0.00;04.06.2025;15:02:33
1.01;1.02;0.00;04.06.2025;15:02:34
0.99;0.97;0.00;04.06.2025;15:02:35
1.00;1.01;0.00;04.06.2025;15:02:36
1.00;1.02;0.00;04.06.2025;15:02:37
1.00;1.01;0.00;04.06.2025;15:02:38
1.00;1.05;0.00;04.06.2025;15:02:39
1.01;0.97;0.00;04.06.2025;15:02:40
1.00;0.91;0.00;04.06.2025;15:02:41
1.00;0.96;0.00;04.06.2025;15:02:42
1.01;1.03;0.00;04.06.2025;15:02:43
1.00;1.03;0.00;04.06.2025;15:02:44
1.00;1.00;0.00;04.06.2025;15:02:45
1.01;1.02;0.00;04.06.2025;15:02:46
1.00;1.04;0.00;04.06.2025;15:02:47
1.00;1.00;0.00;04.06.2025;15:02:48
1.00;1.03;0.00;04.06.2025;15:02:49
1.00;1.04;0.00;04.06.2025;15:02:50
1.01;0.97;0.00;04.06.2025;15:02:51
1.00;0.91;0.00;04.06.2025;15:02:52
1.01;1.02;0.00;04.06.2025;15:02:53
1.01;1.02;0.00;04.06.2025;15:02:54
1.01;0.97;0.00;04.06.2025;15:02:55
1.01;1.03;0.00;04.06.2025;15:02:56
0.99;0.95;0.00;04.06.2025;15:02:57
1.00;1.02;0.00;04.06.2025;15:02:58
1.01;1.00;0.00;04.06.2025;15:02:59
0.99;1.02;0.00;04.06.2025;15:03:00
1.00;0.99;0.00;04.06.2025;15:03:01
0.99;1.05;0.00;04.06.2025;15:03:02
1.01;0.99;3454.58;04.06.2025;15:03:02
1.01;1.03;3474.85;04.06.2025;15:03:03
1.04;1.05;3568.40;04.06.2025;15:03:04
1.04;1.06;3497.10;04.06.2025;15:03:05
1.08;1.11;3358.01;04.06.2025;15:03:06
1.09;1.05;3432.90;04.06.2025;15:03:07
1.10;1.15;3451.19;04.06.2025;15:03:08
1.11;1.12;3469.75;04.06.2025;15:03:09
1.14;1.12;3649.49;04.06.2025;15:03:10
1.15;1.15;3396.40;04.06.2025;15:03:11
1.16;1.13;3434.15;04.06.2025;15:03:12
1.18;1.11;3344.92;04.06.2025;15:03:13
1.20;1.18;3365.36;04.06.2025;15:03:14
1.22;1.23;3535.53;04.06.2025;15:03:15
1.22;1.26;3471.76;04.06.2025;15:03:16
1.24;1.32;3559.67;04.06.2025;15:03:17
1.27;1.22;3496.53;04.06.2025;15:03:18
1.28;1.28;3523.32;04.06.2025;15:03:19
1.30;1.30;3394.99;04.06.2025;15:03:20
1.32;1.35;3494.69;04.06.2025;15:03:21
1.34;1.32;3525.70;04.06.2025;15:03:22
1.35;1.36;3399.82;04.06.2025;15:03:23
1.35;1.43;3418.36;04.06.2025;15:03:24
1.39;1.36;3603.74;04.06.2025;15:03:25
1.40;1.36;3484.99;04.06.2025;15:03:26
1.40;1.50;3612.60;04.06.2025;15:03:27
1.44;1.48;3384.03;04.06.2025;15:03:28
1.45;1.52;3598.51;04.06.2025;15:03:29
1.45;1.53;3537.72;04.06.2025;15:03:30
1.48;1.47;3502.60;04.06.2025;15:03:31
1.51;1.46;3450.83;04.06.2025;15:03:32
1.52;1.53;3437.77;04.06.2025;15:03:33
1.54;1.53;3401.90;04.06.2025;15:03:34
1.56;1.57;3583.11;04.06.2025;15:03:35
1.57;1.57;3441.03;04.06.2025;15:03:36
1.58;1.60;3437.81;04.06.2025;15:03:37
1.58;1.59;3469.72;04.06.2025;15:03:38
1.61;1.60;3500.52;04.06.2025;15:03:39
1.63;1.64;3382.31;04.06.2025;15:03:40
1.66;1.66;3372.06;04.06.2025;15:03:41
1.65;1.71;3486.15;04.06.2025;15:03:42
1.70;1.69;3449.80;04.06.2025;15:03:43
1.71;1.71;3466.07;04.06.2025;15:03:44
1.72;1.74;3494.36;04.06.2025;15:03:45
1.72;1.68;3361.05;04.06.2025;15:03:46
1.77;1.70;3600.63;04.06.2025;15:03:47
1.77;1.74;3530.03;04.06.2025;15:03:48
1.77;1.78;3390.34;04.06.2025;15:03:49
1.79;1.82;3477.67;04.06.2025;15:03:50
1.82;1.78;3440.64;04.06.2025;15:03:51
1.83;1.89;3469.11;04.06.2025;15:03:52
1.85;1.87;3553.45;04.06.2025;15:03:53
1.87;1.83;3347.86;04.06.2025;15:03:54
1.89;1.92;3420.48;04.06.2025;15:03:55
1.90;1.89;3499.47;04.06.2025;15:03:56
1.92;2.00;3426.11;04.06.2025;15:03:57
1.95;1.93;3382.94;04.06.2025;15:03:58
1.93;1.88;3670.32;04.06.2025;15:03:59
1.98;1.95;3500.87;04.06.2025;15:04:00
1.98;2.00;3452.55;04.06.2025;15:04:01
2.00;2.02;3442.61;04.06.2025;15:04:02
2.00;2.01;0.00;04.06.2025;15:04:03
2.02;1.99;0.00;04.06.2025;15:04:04
2.01;1.98;0.00;04.06.2025;15:04:05
1.99;2.03;0.00;04.06.2025;15:04:06
2.00;2.04;0.00;04.06.2025;15:04:07
2.02;2.03;0.00;04.06.2025;15:04:08
1.98;2.00;0.00;04.06.2025;15:04:09
1.99;1.94;0.00;04.06.2025;15:04:10
1.99;2.02;0.00;04.06.2025;15:04:11
1.99;1.97;0.00;04.06.2025;15:04:12
1.99;1.97;0.00;04.06.2025;15:04:13
2.02;1.97;0.00;04.06.2025;15:04:14
2.02;1.95;0.00;04.06.2025;15:04:15
2.00;1.95;0.00;04.06.2025;15:04:16
2.01;2.06;0.00;04.06.2025;15:04:17
2.01;2.06;0.00;04.06.2025;15:04:18
1.99;1.96;0.00;04.06.2025;15:04:19
2.01;1.99;0.00;04.06.2025;15:04:20
1.99;2.03;0.00;04.06.2025;15:04:21
2.01;2.01;0.00;04.06.2025;15:04:22
2.02;2.00;0.00;04.06.2025;15:04:23
1.99;1.96;0.00;04.06.2025;15:04:24
1.98;1.98;0.00;04.06.2025;15:04:25
2.02;2.02;0.00;04.06.2025;15:04:26
1.99;1.95;0.00;04.06.2025;15:04:27
1.99;2.03;0.00;04.06.2025;15:04:28
1.99;1.96;0.00;04.06.2025;15:04:29
1.99;1.99;0.00;04.06.2025;15:04:30
1.99;1.99;0.00;04.06.2025;15:04:31
1.98;2.02;0.00;04.06.2025;15:04:32
2.01;1.99;0.00;04.06.2025;15:04:33
1.98;1.96;0.00;04.06.2025;15:04:34
1.99;2.05;0.00;04.06.2025;15:04:35
2.01;1.95;0.00;04.06.2025;15:04:36
2.02;2.03;0.00;04.06.2025;15:04:37
2.00;2.03;0.00;04.06.2025;15:04:38
2.02;2.03;0.00;04.06.2025;15:04:39
2.01;1.98;0.00;04.06.2025;15:04:40
2.01;2.01;0.00;04.06.2025;15:04:41
1.99;2.02;0.00;04.06.2025;15:04:42
1.98;1.98;0.00;04.06.2025;15:04:43
2.01;1.95;0.00;04.06.2025;15:04:44
1.99;2.02;0.00;04.06.2025;15:04:45
2.00;2.07;0.00;04.06.2025;15:04:46
1.98;2.07;0.00;04.06.2025;15:04:47
1.99;2.06;0.00;04.06.2025;15:04:48
2.01;2.03;0.00;04.06.2025;15:04:49
2.01;1.97;0.00;04.06.2025;15:04:50
2.02;2.08;0.00;04.06.2025;15:04:51
1.98;2.09;0.00;04.06.2025;15:04:52
1.99;2.01;0.00;04.06.2025;15:04:53
2.01;1.98;0.00;04.06.2025;15:04:54
2.00;2.00;0.00;04.06.2025;15:04:55
2.01;1.94;0.00;04.06.2025;15:04:56
2.01;2.01;0.00;04.06.2025;15:04:57
1.99;2.07;0.00;04.06.2025;15:04:58
1.99;2.00;0.00;04.06.2025;15:04:59
2.00;2.05;0.00;04.06.2025;15:05:00
2.00;2.01;0.00;04.06.2025;15:05:01
1.99;1.99;0.00;04.06.2025;15:05:02
1.98;2.00;3518.51;04.06.2025;15:05:02
2.01;2.01;3559.43;04.06.2025;15:05:03
2.04;2.01;3496.12;04.06.2025;15:05:04
2.04;2.10;3562.12;04.06.2025;15:05:05
2.08;2.05;3362.43;04.06.2025;15:05:06
2.09;2.09;3510.20;04.06.2025;15:05:07
2.08;2.07;3450.13;04.06.2025;15:05:08
2.12;2.16;3470.54;04.06.2025;15:05:09
2.11;2.10;3500.28;04.06.2025;15:05:10
2.16;2.17;3454.45;04.06.2025;15:05:11
2.16;2.19;3494.96;04.06.2025;15:05:12
2.17;2.21;3477.34;04.06.2025;15:05:13
2.20;2.22;3500.08;04.06.2025;15:05:14
2.24;2.21;3425.48;04.06.2025;15:05:15
2.22;2.21;3500.75;04.06.2025;15:05:16
2.24;2.17;3614.09;04.06.2025;15:05:17
2.29;2.26;3525.68;04.06.2025;15:05:18
2.30;2.29;3302.80;04.06.2025;15:05:19
2.32;2.30;3533.04;04.06.2025;15:05:20
2.32;2.29;3450.73;04.06.2025;15:05:21
2.35;2.34;3375.59;04.06.2025;15:05:22
2.37;2.38;3481.44;04.06.2025;15:05:23
2.38;2.33;3548.22;04.06.2025;15:05:24
2.37;2.36;3543.04;04.06.2025;15:05:25
2.38;2.39;3515.05;04.06.2025;15:05:26
2.42;2.44;3420.07;04.06.2025;15:05:27
2.42;2.42;3447.95;04.06.2025;15:05:28
2.47;2.45;3475.65;04.06.2025;15:05:29
2.44;2.47;3582.28;04.06.2025;15:05:30
2.48;2.44;3499.00;04.06.2025;15:05:31
2.51;2.46;3527.83;04.06.2025;15:05:32
2.51;2.52;3341.54;04.06.2025;15:05:33
2.55;2.48;3463.27;04.06.2025;15:05:34
2.54;2.53;3473.99;04.06.2025;15:05:35
2.56;2.52;3449.68;04.06.2025;15:05:36
2.60;2.54;3451.49;04.06.2025;15:05:37
2.61;2.60;3539.40;04.06.2025;15:05:38
2.64;2.62;3483.30;04.06.2025;15:05:39
2.64;2.64;3472.98;04.06.2025;15:05:40
2.67;2.70;3460.28;04.06.2025;15:05:41
2.65;2.71;3408.05;04.06.2025;15:05:42
2.68;2.68;3463.63;04.06.2025;15:05:43
2.67;2.69;3613.05;04.06.2025;15:05:44
2.72;2.73;3543.03;04.06.2025;15:05:45
2.73;2.69;3449.24;04.06.2025;15:05:46
2.74;2.81;3532.39;04.06.2025;15:05:47
2.78;2.78;3514.72;04.06.2025;15:05:48
2.80;2.75;3394.70;04.06.2025;15:05:49
2.81;2.77;3434.82;04.06.2025;15:05:50
2.84;2.80;3444.01;04.06.2025;15:05:51
2.85;2.75;3544.05;04.06.2025;15:05:52
2.84;2.86;3553.81;04.06.2025;15:05:53
2.89;2.90;3520.66;04.06.2025;15:05:54
2.87;2.98;3587.25;04.06.2025;15:05:55
2.89;2.85;3539.23;04.06.2025;15:05:56
2.89;2.86;3458.76;04.06.2025;15:05:57
2.91;2.91;3411.41;04.06.2025;15:05:58
2.98;2.99;3508.59;04.06.2025;15:05:59
3.00;2.97;3413.96;04.06.2025;15:06:00
3.00;2.87;3619.70;04.06.2025;15:06:01
3.00;2.97;3507.84;04.06.2025;15:06:02
2.98;2.96;0.00;04.06.2025;15:06:03
2.99;3.05;0.00;04.06.2025;15:06:04
2.98;3.08;0.00;04.06.2025;15:06:05
3.00;2.99;0.00;04.06.2025;15:06:06
3.01;3.01;0.00;04.06.2025;15:06:07
3.01;3.04;0.00;04.06.2025;15:06:08
2.99;3.04;0.00;04.06.2025;15:06:09
2.98;3.04;0.00;04.06.2025;15:06:10
3.00;3.00;0.00;04.06.2025;15:06:11
2.98;2.98;0.00;04.06.2025;15:06:12
3.00;3.10;0.00;04.06.2025;15:06:13
2.99;2.91;0.00;04.06.2025;15:06:14
3.00;2.95;0.00;04.06.2025;15:06:15
3.00;3.05;0.00;04.06.2025;15:06:16
3.02;3.03;0.00;04.06.2025;15:06:17
3.00;3.05;0.00;04.06.2025;15:06:18
3.01;2.97;0.00;04.06.2025;15:06:19
3.03;3.08;0.00;04.06.2025;15:06:20
2.97;2.99;0.00;04.06.2025;15:06:21
3.01;2.92;0.00;04.06.2025;15:06:22
2.98;3.00;0.00;04.06.2025;15:06:23
2.98;3.04;0.00;04.06.2025;15:06:24
2.97;2.97;0.00;04.06.2025;15:06:25
3.00;3.03;0.00;04.06.2025;15:06:26
2.97;2.97;0.00;04.06.2025;15:06:27
3.01;3.03;0.00;04.06.2025;15:06:28
2.97;2.99;0.00;04.06.2025;15:06:29
3.02;3.01;0.00;04.06.2025;15:06:30
2.98;3.07;0.00;04.06.2025;15:06:31
2.99;3.04;0.00;04.06.2025;15:06:32
2.98;2.99;0.00;04.06.2025;15:06:33
3.01;2.98;0.00;04.06.2025;15:06:34
3.00;2.99;0.00;04.06.2025;15:06:35
3.02;2.97;0.00;04.06.2025;15:06:36
3.01;2.95;0.00;04.06.2025;15:06:37
3.03;3.00;0.00;04.06.2025;15:06:38
2.99;3.00;0.00;04.06.2025;15:06:39
2.98;3.07;0.00;04.06.2025;15:06:40
3.00;3.00;0.00;04.06.2025;15:06:41
3.02;3.02;0.00;04.06.2025;15:06:42
3.01;3.05;0.00;04.06.2025;15:06:43
3.02;2.98;0.00;04.06.2025;15:06:44
2.99;3.01;0.00;04.06.2025;15:06:45
3.01;3.05;0.00;04.06.2025;15:06:46
3.00;3.01;0.00;04.06.2025;15:06:47
2.98;2.99;0.00;04.06.2025;15:06:48
2.98;2.98;0.00;04.06.2025;15:06:49
3.00;3.00;0.00;04.06.2025;15:06:50
3.00;2.94;0.00;04.06.2025;15:06:51
2.98;3.00;0.00;04.06.2025;15:06:52
3.00;2.97;0.00;04.06.2025;15:06:53
3.00;3.05;0.00;04.06.2025;15:06:54
3.00;3.06;0.00;04.06.2025;15:06:55
2.98;2.99;0.00;04.06.2025;15:06:56
2.98;3.06;0.00;04.06.2025;15:06:57
2.99;3.00;0.00;04.06.2025;15:06:58
3.00;3.04;0.00;04.06.2025;15:06:59
3.02;3.05;0.00;04.06.2025;15:07:00
3.00;3.00;0.00;04.06.2025;15:07:01
3.02;3.02;0.00;04.06.2025;15:07:02
2.99;3.00;3429.19;04.06.2025;15:07:02
3.02;3.08;3544.13;04.06.2025;15:07:03
3.04;2.99;3498.73;04.06.2025;15:07:04
3.04;3.05;3456.42;04.06.2025;15:07:05
3.05;3.08;3597.27;04.06.2025;15:07:06
3.10;3.12;3423.81;04.06.2025;15:07:07
3.13;3.06;3472.70;04.06.2025;15:07:08
3.11;3.20;3535.22;04.06.2025;15:07:09
3.12;3.17;3393.44;04.06.2025;15:07:10
3.13;3.18;3580.29;04.06.2025;15:07:11
3.17;3.19;3440.52;04.06.2025;15:07:12
3.21;3.18;3518.83;04.06.2025;15:07:13
3.19;3.22;3454.37;04.06.2025;15:07:14
3.19;3.21;3463.76;04.06.2025;15:07:15
3.24;3.17;3508.65;04.06.2025;15:07:16
3.27;3.29;3473.26;04.06.2025;15:07:17
3.23;3.22;3381.70;04.06.2025;15:07:18
3.30;3.28;3602.44;04.06.2025;15:07:19
3.28;3.35;3381.89;04.06.2025;15:07:20
3.33;3.37;3369.64;04.06.2025;15:07:21
3.32;3.33;3474.02;04.06.2025;15:07:22
3.33;3.28;3469.82;04.06.2025;15:07:23
3.40;3.37;3444.16;04.06.2025;15:07:24
3.38;3.31;3496.01;04.06.2025;15:07:25
3.42;3.41;3453.20;04.06.2025;15:07:26
3.43;3.41;3495.32;04.06.2025;15:07:27
3.41;3.46;3453.04;04.06.2025;15:07:28
3.43;3.50;3544.89;04.06.2025;15:07:29
3.48;3.46;3586.37;04.06.2025;15:07:30
3.47;3.44;3443.56;04.06.2025;15:07:31
3.49;3.48;3325.11;04.06.2025;15:07:32
3.54;3.61;3479.82;04.06.2025;15:07:33
3.55;3.54;3399.79;04.06.2025;15:07:34
3.54;3.59;3557.13;04.06.2025;15:07:35
3.59;3.59;3482.33;04.06.2025;15:07:36
3.56;3.56;3538.93;04.06.2025;15:07:37
3.62;3.60;3586.69;04.06.2025;15:07:38
3.59;3.61;3459.69;04.06.2025;15:07:39
3.61;3.64;3418.42;04.06.2025;15:07:40
3.62;3.62;3400.07;04.06.2025;15:07:41
3.67;3.65;3420.22;04.06.2025;15:07:42
3.71;3.68;3543.47;04.06.2025;15:07:43
3.72;3.69;3484.88;04.06.2025;15:07:44
3.71;3.69;3539.97;04.06.2025;15:07:45
3.74;3.70;3528.49;04.06.2025;15:07:46
3.77;3.79;3534.26;04.06.2025;15:07:47
3.73;3.75;3573.86;04.06.2025;15:07:48
3.75;3.82;3479.76;04.06.2025;15:07:49
3.79;3.76;3526.32;04.06.2025;15:07:50
3.83;3.77;3505.00;04.06.2025;15:07:51
3.87;3.88;3544.61;04.06.2025;15:07:52
3.84;3.85;3447.50;04.06.2025;15:07:53
3.84;3.85;3442.90;04.06.2025;15:07:54
3.87;3.94;3500.41;04.06.2025;15:07:55
3.89;3.92;3512.17;04.06.2025;15:07:56
3.92;3.89;3451.45;04.06.2025;15:07:57
3.90;3.94;3481.48;04.06.2025;15:07:58
3.93;3.91;3517.14;04.06.2025;15:07:59
4.00;3.94;3594.69;04.06.2025;15:08:00
3.99;4.06;3515.37;04.06.2025;15:08:01
3.99;4.01;3494.46;04.06.2025;15:08:02
4.03;3.99;0.00;04.06.2025;15:08:03
3.97;4.02;0.00;04.06.2025;15:08:04
3.99;3.98;0.00;04.06.2025;15:08:05
3.98;4.00;0.00;04.06.2025;15:08:06
3.98;3.97;0.00;04.06.2025;15:08:07
3.97;3.96;0.00;04.06.2025;15:08:08
4.00;3.99;0.00;04.06.2025;15:08:09
3.97;3.95;0.00;04.06.2025;15:08:10
3.96;3.93;0.00;04.06.2025;15:08:11
4.03;3.99;0.00;04.06.2025;15:08:12
3.97;4.02;0.00;04.06.2025;15:08:13
4.01;4.00;0.00;04.06.2025;15:08:14
3.97;3.98;0.00;04.06.2025;15:08:15
3.97;3.98;0.00;04.06.2025;15:08:16
4.03;4.03;0.00;04.06.2025;15:08:17
4.00;3.98;0.00;04.06.2025;15:08:18
4.00;3.95;0.00;04.06.2025;15:08:19
3.99;3.98;0.00;04.06.2025;15:08:20
3.96;3.98;0.00;04.06.2025;15:08:21
4.03;3.94;0.00;04.06.2025;15:08:22
4.03;4.01;0.00;04.06.2025;15:08:23
4.01;3.94;0.00;04.06.2025;15:08:24
4.02;4.04;0.00;04.06.2025;15:08:25
3.96;4.07;0.00;04.06.2025;15:08:26
4.03;3.98;0.00;04.06.2025;15:08:27
3.96;4.03;0.00;04.06.2025;15:08:28
4.02;3.99;0.00;04.06.2025;15:08:29
3.99;3.97;0.00;04.06.2025;15:08:30
4.02;4.02;0.00;04.06.2025;15:08:31
4.03;3.99;0.00;04.06.2025;15:08:32
4.02;4.07;0.00;04.06.2025;15:08:33
4.04;4.06;0.00;04.06.2025;15:08:34
4.03;4.03;0.00;04.06.2025;15:08:35
4.00;3.99;0.00;04.06.2025;15:08:36
3.98;3.98;0.00;04.06.2025;15:08:37
4.01;4.00;0.00;04.06.2025;15:08:38
3.97;3.99;0.00;04.06.2025;15:08:39
4.01;3.97;0.00;04.06.2025;15:08:40
4.00;4.03;0.00;04.06.2025;15:08:41
4.03;4.08;0.00;04.06.2025;15:08:42
4.03;4.00;0.00;04.06.2025;15:08:43
4.01;3.95;0.00;04.06.2025;15:08:44
4.01;3.99;0.00;04.06.2025;15:08:45
3.98;3.99;0.00;04.06.2025;15:08:46
4.02;4.04;0.00;04.06.2025;15:08:47
4.02;4.02;0.00;04.06.2025;15:08:48
4.01;4.01;0.00;04.06.2025;15:08:49
4.03;4.01;0.00;04.06.2025;15:08:50
4.02;4.04;0.00;04.06.2025;15:08:51
3.99;3.98;0.00;04.06.2025;15:08:52
4.01;3.98;0.00;04.06.2025;15:08:53
4.03;4.00;0.00;04.06.2025;15:08:54
4.03;3.97;0.00;04.06.2025;15:08:55
3.99;4.01;0.00;04.06.2025;15:08:56
4.00;3.96;0.00;04.06.2025;15:08:57
3.98;4.06;0.00;04.06.2025;15:08:58
3.99;3.96;0.00;04.06.2025;15:08:59
4.03;4.02;0.00;04.06.2025;15:09:00
3.99;4.08;0.00;04.06.2025;15:09:01
3.97;4.04;0.00;04.06.2025;15:09:02
3.99;3.94;3534.21;04.06.2025;15:09:02
4.04;4.02;3554.70;04.06.2025;15:09:03
4.03;4.09;3512.63;04.06.2025;15:09:04
4.04;4.02;3627.45;04.06.2025;15:09:05
4.08;4.03;3640.30;04.06.2025;15:09:06
4.11;4.05;3318.73;04.06.2025;15:09:07
4.13;4.14;3449.89;04.06.2025;15:09:08
4.14;4.12;3413.70;04.06.2025;15:09:09
4.17;4.17;3424.17;04.06.2025;15:09:10
4.12;4.11;3538.36;04.06.2025;15:09:11
4.17;4.19;3480.14;04.06.2025;15:09:12
4.16;4.19;3366.52;04.06.2025;15:09:13
4.23;4.16;3601.77;04.06.2025;15:09:14
4.21;4.20;3404.53;04.06.2025;15:09:15
4.20;4.24;3453.16;04.06.2025;15:09:16
4.27;4.21;3469.59;04.06.2025;15:09:17
4.27;4.29;3414.45;04.06.2025;15:09:18
4.32;4.25;3434.35;04.06.2025;15:09:19
4.26;4.26;3563.38;04.06.2025;15:09:20
4.32;4.33;3532.31;04.06.2025;15:09:21
4.36;4.39;3384.70;04.06.2025;15:09:22
4.38;4.38;3414.43;04.06.2025;15:09:23
4.40;4.32;3545.28;04.06.2025;15:09:24
4.37;4.39;3442.79;04.06.2025;15:09:25
4.37;4.37;3542.66;04.06.2025;15:09:26
4.46;4.44;3429.18;04.06.2025;15:09:27
4.47;4.47;3499.46;04.06.2025;15:09:28
4.42;4.45;3403.38;04.06.2025;15:09:29
4.46;4.45;3578.03;04.06.2025;15:09:30
4.50;4.44;3635.11;04.06.2025;15:09:31
4.54;4.50;3608.77;04.06.2025;15:09:32
4.50;4.51;3467.53;04.06.2025;15:09:33
4.53;4.55;3496.41;04.06.2025;15:09:34
4.51;4.55;3427.76;04.06.2025;15:09:35
4.55;4.49;3496.21;04.06.2025;15:09:36
4.62;4.55;3426.98;04.06.2025;15:09:37
4.56;4.58;3474.13;04.06.2025;15:09:38
4.62;4.62;3589.46;04.06.2025;15:09:39
4.60;4.57;3462.67;04.06.2025;15:09:40
4.61;4.64;3572.67;04.06.2025;15:09:41
4.69;4.68;3487.95;04.06.2025;15:09:42
4.67;4.73;3510.55;04.06.2025;15:09:43
4.66;4.66;3490.75;04.06.2025;15:09:44
4.73;4.71;3458.18;04.06.2025;15:09:45
4.72;4.80;3576.24;04.06.2025;15:09:46
4.72;4.68;3399.90;04.06.2025;15:09:47
4.74;4.75;3513.03;04.06.2025;15:09:48
4.76;4.72;3448.99;04.06.2025;15:09:49
4.79;4.84;3402.54;04.06.2025;15:09:50
4.79;4.79;3478.76;04.06.2025;15:09:51
4.83;4.87;3514.38;04.06.2025;15:09:52
4.82;4.87;3442.08;04.06.2025;15:09:53
4.86;4.86;3557.33;04.06.2025;15:09:54
4.84;4.87;3417.84;04.06.2025;15:09:55
4.89;4.86;3480.55;04.06.2025;15:09:56
4.90;4.91;3494.84;04.06.2025;15:09:57
4.96;4.95;3364.12;04.06.2025;15:09:58
4.96;4.94;3606.55;04.06.2025;15:09:59
4.98;4.95;3404.74;04.06.2025;15:10:00
5.00;5.03;3571.65;04.06.2025;15:10:01
4.97;4.95;3480.89;04.06.2025;15:10:02
5.04;5.06;0.00;04.06.2025;15:10:03
5.04;5.06;0.00;04.06.2025;15:10:04
4.97;4.99;0.00;04.06.2025;15:10:05
4.96;5.00;0.00;04.06.2025;15:10:06
5.01;4.94;0.00;04.06.2025;15:10:07
5.01;5.03;0.00;04.06.2025;15:10:08
5.01;5.04;0.00;04.06.2025;15:10:09
4.97;5.01;0.00;04.06.2025;15:10:10
5.01;5.01;0.00;04.06.2025;15:10:11
4.98;5.00;0.00;04.06.2025;15:10:12
5.02;5.00;0.00;04.06.2025;15:10:13
4.96;5.01;0.00;04.06.2025;15:10:14
5.00;5.01;0.00;04.06.2025;15:10:15
5.04;5.01;0.00;04.06.2025;15:10:16
5.03;4.94;0.00;04.06.2025;15:10:17
4.96;5.02;0.00;04.06.2025;15:10:18
5.00;4.91;0.00;04.06.2025;15:10:19
5.01;5.02;0.00;04.06.2025;15:10:20
5.00;5.04;0.00;04.06.2025;15:10:21
4.97;4.91;0.00;04.06.2025;15:10:22
5.03;5.05;0.00;04.06.2025;15:10:23
5.00;4.98;0.00;04.06.2025;15:10:24
4.99;4.98;0.00;04.06.2025;15:10:25
5.05;4.98;0.00;04.06.2025;15:10:26
4.95;5.00;0.00;04.06.2025;15:10:27
5.03;5.04;0.00;04.06.2025;15:10:28
4.97;4.98;0.00;04.06.2025;15:10:29
5.03;5.05;0.00;04.06.2025;15:10:30
5.00;5.01;0.00;04.06.2025;15:10:31
5.04;5.00;0.00;04.06.2025;15:10:32
4.99;5.01;0.00;04.06.2025;15:10:33
5.03;5.00;0.00;04.06.2025;15:10:34
4.98;4.99;0.00;04.06.2025;15:10:35
5.03;5.00;0.00;04.06.2025;15:10:36
4.96;4.98;0.00;04.06.2025;15:10:37
5.02;5.08;0.00;04.06.2025;15:10:38
5.02;4.93;0.00;04.06.2025;15:10:39
4.97;4.96;0.00;04.06.2025;15:10:40
5.02;5.06;0.00;04.06.2025;15:10:41
4.97;5.07;0.00;04.06.2025;15:10:42
4.99;4.90;0.00;04.06.2025;15:10:43
5.00;4.99;0.00;04.06.2025;15:10:44
4.97;5.02;0.00;04.06.2025;15:10:45
4.98;4.97;0.00;04.06.2025;15:10:46
4.95;4.95;0.00;04.06.2025;15:10:47
4.96;5.04;0.00;04.06.2025;15:10:48
4.98;4.93;0.00;04.06.2025;15:10:49
4.99;4.97;0.00;04.06.2025;15:10:50
5.00;4.98;0.00;04.06.2025;15:10:51
5.02;4.97;0.00;04.06.2025;15:10:52
4.96;5.05;0.00;04.06.2025;15:10:53
4.96;5.04;0.00;04.06.2025;15:10:54
4.99;4.95;0.00;04.06.2025;15:10:55
5.03;4.97;0.00;04.06.2025;15:10:56
4.97;4.96;0.00;04.06.2025;15:10:57
4.98;5.00;0.00;04.06.2025;15:10:58
5.02;5.02;0.00;04.06.2025;15:10:59
5.03;5.05;0.00;04.06.2025;15:11:00
5.04;4.93;0.00;04.06.2025;15:11:01
5.00;4.97;0.00;04.06.2025;15:11:02
5.01;4.94;3471.95;04.06.2025;15:11:02
5.04;4.98;3495.68;04.06.2025;15:11:03
5.04;5.02;3511.17;04.06.2025;15:11:04
5.07;5.08;3537.00;04.06.2025;15:11:05
5.11;5.02;3511.30;04.06.2025;15:11:06
5.11;5.05;3460.83;04.06.2025;15:11:07
5.09;5.15;3449.68;04.06.2025;15:11:08
5.10;5.15;3467.29;04.06.2025;15:11:09
5.10;5.05;3523.11;04.06.2025;15:11:10
5.18;5.19;3451.74;04.06.2025;15:11:11
5.18;5.15;3507.25;04.06.2025;15:11:12
5.16;5.17;3495.64;04.06.2025;15:11:13
5.20;5.18;3531.23;04.06.2025;15:11:14
5.22;5.19;3483.07;04.06.2025;15:11:15
5.27;5.27;3436.49;04.06.2025;15:11:16
5.27;5.25;3528.80;04.06.2025;15:11:17
5.22;5.26;3445.97;04.06.2025;15:11:18
5.30;5.27;3509.64;04.06.2025;15:11:19
5.32;5.29;3454.07;04.06.2025;15:11:20
5.31;5.41;3508.11;04.06.2025;15:11:21
5.37;5.35;3559.96;04.06.2025;15:11:22
5.35;5.35;3354.73;04.06.2025;15:11:23
5.31;5.34;3508.27;04.06.2025;15:11:24
5.42;5.37;3476.22;04.06.2025;15:11:25
5.39;5.37;3402.83;04.06.2025;15:11:26
5.43;5.41;3511.02;04.06.2025;15:11:27
5.45;5.49;3466.82;04.06.2025;15:11:28
5.47;5.48;3448.81;04.06.2025;15:11:29
5.50;5.51;3552.92;04.06.2025;15:11:30
5.50;5.48;3393.73;04.06.2025;15:11:31
5.46;5.47;3667.69;04.06.2025;15:11:32
5.54;5.52;3602.98;04.06.2025;15:11:33
5.50;5.57;3523.14;04.06.2025;15:11:34
5.60;5.54;3487.11;04.06.2025;15:11:35
5.61;5.57;3418.01;04.06.2025;15:11:36
5.61;5.52;3687.64;04.06.2025;15:11:37
5.59;5.65;3475.93;04.06.2025;15:11:38
5.64;5.60;3450.76;04.06.2025;15:11:39
5.63;5.64;3562.67;04.06.2025;15:11:40
5.69;5.66;3558.29;04.06.2025;15:11:41
5.70;5.68;3556.31;04.06.2025;15:11:42
5.72;5.63;3485.98;04.06.2025;15:11:43
5.66;5.80;3584.80;04.06.2025;15:11:44
5.68;5.72;3468.54;04.06.2025;15:11:45
5.70;5.74;3443.03;04.06.2025;15:11:46
5.79;5.73;3532.36;04.06.2025;15:11:47
5.72;5.79;3494.20;04.06.2025;15:11:48
5.78;5.77;3415.50;04.06.2025;15:11:49
5.77;5.84;3430.51;04.06.2025;15:11:50
5.86;5.80;3618.17;04.06.2025;15:11:51
5.80;5.85;3498.01;04.06.2025;15:11:52
5.89;5.78;3354.23;04.06.2025;15:11:53
5.88;5.86;3429.39;04.06.2025;15:11:54
5.83;5.88;3546.93;04.06.2025;15:11:55
5.93;5.89;3439.80;04.06.2025;15:11:56
5.90;5.94;3530.27;04.06.2025;15:11:57
5.90;6.01;3567.75;04.06.2025;15:11:58
5.94;5.97;3474.37;04.06.2025;15:11:59
6.02;5.95;3409.15;04.06.2025;15:12:00
5.95;6.00;3489.54;04.06.2025;15:12:01
6.01;6.02;3582.74;04.06.2025;15:12:02
5.98;6.08;0.00;04.06.2025;15:12:03
6.02;5.99;0.00;04.06.2025;15:12:04
5.94;5.97;0.00;04.06.2025;15:12:05
6.03;6.02;0.00;04.06.2025;15:12:06
6.01;5.98;0.00;04.06.2025;15:12:07
6.00;6.02;0.00;04.06.2025;15:12:08
5.95;5.95;0.00;04.06.2025;15:12:09
6.02;5.97;0.00;04.06.2025;15:12:10
5.96;5.99;0.00;04.06.2025;15:12:11
6.05;6.01;0.00;04.06.2025;15:12:12
6.00;5.98;0.00;04.06.2025;15:12:13
5.96;6.03;0.00;04.06.2025;15:12:14
6.05;5.97;0.00;04.06.2025;15:12:15
5.97;6.00;0.00;04.06.2025;15:12:16
5.98;6.07;0.00;04.06.2025;15:12:17
5.98;6.03;0.00;04.06.2025;15:12:18
6.01;5.97;0.00;04.06.2025;15:12:19
5.95;6.02;0.00;04.06.2025;15:12:20
5.98;5.96;0.00;04.06.2025;15:12:21
5.98;5.96;0.00;04.06.2025;15:12:22
6.04;5.95;0.00;04.06.2025;15:12:23
5.99;6.01;0.00;04.06.2025;15:12:24
6.02;5.98;0.00;04.06.2025;15:12:25
5.97;5.93;0.00;04.06.2025;15:12:26
5.98;6.04;0.00;04.06.2025;15:12:27
6.02;6.05;0.00;04.06.2025;15:12:28
6.02;6.02;0.00;04.06.2025;15:12:29
6.06;6.08;0.00;04.06.2025;15:12:30
5.96;5.97;0.00;04.06.2025;15:12:31
5.98;6.05;0.00;04.06.2025;15:12:32
5.96;6.01;0.00;04.06.2025;15:12:33
5.98;5.95;0.00;04.06.2025;15:12:34
6.01;5.99;0.00;04.06.2025;15:12:35
5.94;6.03;0.00;04.06.2025;15:12:36
6.03;5.99;0.00;04.06.2025;15:12:37
5.96;5.97;0.00;04.06.2025;15:12:38
5.99;6.08;0.00;04.06.2025;15:12:39
6.01;6.03;0.00;04.06.2025;15:12:40
5.99;6.02;0.00;04.06.2025;15:12:41
5.99;5.94;0.00;04.06.2025;15:12:42
6.05;5.99;0.00;04.06.2025;15:12:43
5.96;5.97;0.00;04.06.2025;15:12:44
6.00;6.01;0.00;04.06.2025;15:12:45
6.06;5.99;0.00;04.06.2025;15:12:46
6.00;6.03;0.00;04.06.2025;15:12:47
5.98;5.94;0.00;04.06.2025;15:12:48
5.95;5.97;0.00;04.06.2025;15:12:49
5.98;6.03;0.00;04.06.2025;15:12:50
6.05;5.94;0.00;04.06.2025;15:12:51
5.97;5.98;0.00;04.06.2025;15:12:52
6.06;6.01;0.00;04.06.2025;15:12:53
5.96;6.00;0.00;04.06.2025;15:12:54
6.01;6.01;0.00;04.06.2025;15:12:55
6.03;5.99;0.00;04.06.2025;15:12:56
5.99;5.95;0.00;04.06.2025;15:12:57
6.01;5.98;0.00;04.06.2025;15:12:58
5.97;5.99;0.00;04.06.2025;15:12:59
5.99;5.95;0.00;04.06.2025;15:13:00
6.01;5.98;0.00;04.06.2025;15:13:01
6.01;5.99;0.00;04.06.2025;15:13:02
6.04;6.01;3600.56;04.06.2025;15:13:02
6.07;5.99;3531.85;04.06.2025;15:13:03
6.06;6.03;3402.66;04.06.2025;15:13:04
6.10;6.06;3472.58;04.06.2025;15:13:05
6.06;6.10;3474.87;04.06.2025;15:13:06
6.07;6.04;3581.00;04.06.2025;15:13:07
6.05;6.14;3599.21;04.06.2025;15:13:08
6.16;6.16;3403.87;04.06.2025;15:13:09
6.08;6.16;3499.80;04.06.2025;15:13:10
6.13;6.08;3582.04;04.06.2025;15:13:11
6.16;6.21;3583.08;04.06.2025;15:13:12
6.21;6.21;3453.25;04.06.2025;15:13:13
6.22;6.17;3641.38;04.06.2025;15:13:14
6.22;6.17;3475.84;04.06.2025;15:13:15
6.24;6.17;3606.74;04.06.2025;15:13:16
6.22;6.27;3498.54;04.06.2025;15:13:17
6.30;6.17;3452.08;04.06.2025;15:13:18
6.31;6.24;3355.44;04.06.2025;15:13:19
6.25;6.30;3458.12;04.06.2025;15:13:20
6.36;6.31;3448.58;04.06.2025;15:13:21
6.28;6.30;3523.36;04.06.2025;15:13:22
6.37;6.37;3574.41;04.06.2025;15:13:23
6.31;6.37;3567.47;04.06.2025;15:13:24
6.37;6.35;3528.22;04.06.2025;15:13:25
6.41;6.41;3516.21;04.06.2025;15:13:26
6.39;6.37;3411.75;04.06.2025;15:13:27
6.45;6.45;3514.19;04.06.2025;15:13:28
6.41;6.46;3390.27;04.06.2025;15:13:29
6.50;6.47;3517.79;04.06.2025;15:13:30
6.53;6.47;3452.37;04.06.2025;15:13:31
6.55;6.50;3488.31;04.06.2025;15:13:32
6.54;6.54;3642.22;04.06.2025;15:13:33
6.54;6.52;3507.62;04.06.2025;15:13:34
6.56;6.56;3489.31;04.06.2025;15:13:35
6.58;6.60;3394.04;04.06.2025;15:13:36
6.54;6.49;3432.82;04.06.2025;15:13:37
6.63;6.55;3542.03;04.06.2025;15:13:38
6.62;6.66;3505.07;04.06.2025;15:13:39
6.69;6.62;3437.83;04.06.2025;15:13:40
6.61;6.68;3502.82;04.06.2025;15:13:41
6.67;6.67;3392.16;04.06.2025;15:13:42
6.74;6.70;3473.75;04.06.2025;15:13:43
6.74;6.76;3382.89;04.06.2025;15:13:44
6.73;6.74;3431.09;04.06.2025;15:13:45
6.69;6.74;3541.45;04.06.2025;15:13:46
6.74;6.79;3370.18;04.06.2025;15:13:47
6.76;6.75;3482.51;04.06.2025;15:13:48
6.76;6.73;3348.86;04.06.2025;15:13:49
6.82;6.78;3508.99;04.06.2025;15:13:50
6.77;6.83;3305.08;04.06.2025;15:13:51
6.85;6.83;3482.94;04.06.2025;15:13:52
6.89;6.87;3443.41;04.06.2025;15:13:53
6.85;6.78;3361.23;04.06.2025;15:13:54
6.86;6.85;3518.04;04.06.2025;15:13:55
6.90;6.90;3493.49;04.06.2025;15:13:56
6.92;6.86;3508.97;04.06.2025;15:13:57
6.97;6.95;3366.14;04.06.2025;15:13:58
6.96;6.91;3463.17;04.06.2025;15:13:59
6.99;6.97;3467.08;04.06.2025;15:14:00
7.05;7.03;3539.68;04.06.2025;15:14:01
6.95;6.99;3434.47;04.06.2025;15:14:02
6.99;7.08;0.00;04.06.2025;15:14:03
6.98;6.96;0.00;04.06.2025;15:14:04
7.02;7.05;0.00;04.06.2025;15:14:05
7.02;6.97;0.00;04.06.2025;15:14:06
6.97;7.03;0.00;04.06.2025;15:14:07
6.98;7.01;0.00;04.06.2025;15:14:08
7.06;7.06;0.00;04.06.2025;15:14:09
6.95;6.94;0.00;04.06.2025;15:14:10
7.01;6.91;0.00;04.06.2025;15:14:11
6.98;6.98;0.00;04.06.2025;15:14:12
7.02;7.00;0.00;04.06.2025;15:14:13
6.99;6.98;0.00;04.06.2025;15:14:14
7.00;6.99;0.00;04.06.2025;15:14:15
7.05;6.97;0.00;04.06.2025;15:14:16
6.98;6.97;0.00;04.06.2025;15:14:17
6.94;6.99;0.00;04.06.2025;15:14:18
7.01;7.01;0.00;04.06.2025;15:14:19
6.99;6.95;0.00;04.06.2025;15:14:20
7.02;7.03;0.00;04.06.2025;15:14:21
7.05;6.91;0.00;04.06.2025;15:14:22
6.97;6.96;0.00;04.06.2025;15:14:23
7.00;7.03;0.00;04.06.2025;15:14:24
6.95;6.98;0.00;04.06.2025;15:14:25
7.04;7.08;0.00;04.06.2025;15:14:26
7.02;6.93;0.00;04.06.2025;15:14:27
6.98;7.02;0.00;04.06.2025;15:14:28
7.02;6.99;0.00;04.06.2025;15:14:29
6.93;6.97;0.00;04.06.2025;15:14:30
7.02;7.10;0.00;04.06.2025;15:14:31
6.93;6.98;0.00;04.06.2025;15:14:32
7.04;6.96;0.00;04.06.2025;15:14:33
7.03;6.97;0.00;04.06.2025;15:14:34
7.04;7.00;0.00;04.06.2025;15:14:35
7.00;7.05;0.00;04.06.2025;15:14:36
7.01;6.92;0.00;04.06.2025;15:14:37
7.02;7.00;0.00;04.06.2025;15:14:38
7.02;6.98;0.00;04.06.2025;15:14:39
7.03;6.96;0.00;04.06.2025;15:14:40
6.98;7.04;0.00;04.06.2025;15:14:41
7.00;7.03;0.00;04.06.2025;15:14:42
6.98;7.00;0.00;04.06.2025;15:14:43
7.06;6.98;0.00;04.06.2025;15:14:44
6.95;6.87;0.00;04.06.2025;15:14:45
6.99;7.00;0.00;04.06.2025;15:14:46
7.05;7.09;0.00;04.06.2025;15:14:47
6.95;6.94;0.00;04.06.2025;15:14:48
7.01;7.03;0.00;04.06.2025;15:14:49
6.94;6.95;0.00;04.06.2025;15:14:50
7.07;7.02;0.00;04.06.2025;15:14:51
6.99;6.96;0.00;04.06.2025;15:14:52
7.07;6.99;0.00;04.06.2025;15:14:53
7.00;7.06;0.00;04.06.2025;15:14:54
7.00;7.04;0.00;04.06.2025;15:14:55
7.02;7.04;0.00;04.06.2025;15:14:56
6.94;6.96;0.00;04.06.2025;15:14:57
7.06;7.02;0.00;04.06.2025;15:14:58
7.01;7.00;0.00;04.06.2025;15:14:59
6.99;6.99;0.00;04.06.2025;15:15:00
6.99;7.02;0.00;04.06.2025;15:15:01
6.94;6.98;0.00;04.06.2025;15:15:02
7.04;7.01;3491.31;04.06.2025;15:15:02
7.00;6.99;3350.78;04.06.2025;15:15:03
7.09;7.03;3509.32;04.06.2025;15:15:04
7.00;7.11;3491.22;04.06.2025;15:15:05
7.12;7.13;3496.89;04.06.2025;15:15:06
7.04;7.05;3467.86;04.06.2025;15:15:07
7.13;7.16;3483.14;04.06.2025;15:15:08
7.17;7.12;3505.96;04.06.2025;15:15:09
7.09;7.18;3400.15;04.06.2025;15:15:10
7.14;7.09;3455.32;04.06.2025;15:15:11
7.17;7.18;3481.83;04.06.2025;15:15:12
7.15;7.12;3458.21;04.06.2025;15:15:13
7.17;7.17;3494.79;04.06.2025;15:15:14
7.19;7.23;3555.32;04.06.2025;15:15:15
7.17;7.27;3494.98;04.06.2025;15:15:16
7.31;7.31;3444.96;04.06.2025;15:15:17
7.19;7.24;3395.47;04.06.2025;15:15:18
7.34;7.34;3418.19;04.06.2025;15:15:19
7.31;7.35;3542.12;04.06.2025;15:15:20
7.36;7.37;3513.75;04.06.2025;15:15:21
7.37;7.32;3510.97;04.06.2025;15:15:22
7.32;7.28;3619.76;04.06.2025;15:15:23
7.35;7.39;3445.58;04.06.2025;15:15:24
7.42;7.45;3489.61;04.06.2025;15:15:25
7.47;7.40;3443.73;04.06.2025;15:15:26
7.45;7.45;3539.82;04.06.2025;15:15:27
7.38;7.44;3715.29;04.06.2025;15:15:28
7.50;7.41;3538.43;04.06.2025;15:15:29
7.51;7.45;3412.06;04.06.2025;15:15:30
7.49;7.49;3495.91;04.06.2025;15:15:31
7.55;7.48;3451.20;04.06.2025;15:15:32
7.49;7.39;3561.01;04.06.2025;15:15:33
7.51;7.51;3467.79;04.06.2025;15:15:34
7.55;7.59;3526.26;04.06.2025;15:15:35
7.51;7.59;3533.02;04.06.2025;15:15:36
7.56;7.59;3564.73;04.06.2025;15:15:37
7.59;7.54;3447.95;04.06.2025;15:15:38
7.62;7.65;3489.65;04.06.2025;15:15:39
7.62;7.64;3483.32;04.06.2025;15:15:40
7.70;7.63;3531.04;04.06.2025;15:15:41
7.70;7.68;3460.22;04.06.2025;15:15:42
7.71;7.65;3549.75;04.06.2025;15:15:43
7.72;7.66;3502.93;04.06.2025;15:15:44
7.66;7.67;3449.93;04.06.2025;15:15:45
7.68;7.71;3423.75;04.06.2025;15:15:46
7.69;7.75;3568.33;04.06.2025;15:15:47
7.70;7.75;3559.69;04.06.2025;15:15:48
7.80;7.76;3460.35;04.06.2025;15:15:49
7.76;7.78;3507.33;04.06.2025;15:15:50
7.81;7.77;3543.11;04.06.2025;15:15:51
7.84;7.80;3374.61;04.06.2025;15:15:52
7.78;7.84;3331.25;04.06.2025;15:15:53
7.84;7.87;3472.34;04.06.2025;15:15:54
7.85;7.85;3589.59;04.06.2025;15:15:55
7.92;7.85;3612.74;04.06.2025;15:15:56
7.98;7.91;3490.19;04.06.2025;15:15:57
7.93;7.96;3551.66;04.06.2025;15:15:58
7.90;8.01;3409.14;04.06.2025;15:15:59
8.01;8.05;3501.67;04.06.2025;15:16:00
8.05;7.96;3471.38;04.06.2025;15:16:01
8.06;7.99;3502.94;04.06.2025;15:16:02
7.93;7.98;0.00;04.06.2025;15:16:03
7.98;7.98;0.00;04.06.2025;15:16:04
7.97;8.00;0.00;04.06.2025;15:16:05
8.06;7.97;0.00;04.06.2025;15:16:06
7.95;7.98;0.00;04.06.2025;15:16:07
8.03;8.06;0.00;04.06.2025;15:16:08
8.01;8.03;0.00;04.06.2025;15:16:09
8.05;7.99;0.00;04.06.2025;15:16:10
8.00;8.00;0.00;04.06.2025;15:16:11
8.07;8.02;0.00;04.06.2025;15:16:12
7.92;8.00;0.00;04.06.2025;15:16:13
7.95;7.98;0.00;04.06.2025;15:16:14
8.01;8.03;0.00;04.06.2025;15:16:15
8.00;7.99;0.00;04.06.2025;15:16:16
7.92;7.96;0.00;04.06.2025;15:16:17
8.04;7.97;0.00;04.06.2025;15:16:18
7.95;8.01;0.00;04.06.2025;15:16:19
8.03;8.02;0.00;04.06.2025;15:16:20
7.97;8.04;0.00;04.06.2025;15:16:21
7.94;8.01;0.00;04.06.2025;15:16:22
8.02;8.02;0.00;04.06.2025;15:16:23
8.07;7.98;0.00;04.06.2025;15:16:24
8.01;8.03;0.00;04.06.2025;15:16:25
8.00;8.01;0.00;04.06.2025;15:16:26
7.98;7.98;0.00;04.06.2025;15:16:27
8.03;7.99;0.00;04.06.2025;15:16:28
8.04;7.98;0.00;04.06.2025;15:16:29
8.07;8.04;0.00;04.06.2025;15:16:30
7.95;8.02;0.00;04.06.2025;15:16:31
7.95;8.04;0.00;04.06.2025;15:16:32
7.92;8.00;0.00;04.06.2025;15:16:33
8.07;8.01;0.00;04.06.2025;15:16:34
8.06;7.97;0.00;04.06.2025;15:16:35
8.08;8.02;0.00;04.06.2025;15:16:36
8.07;7.99;0.00;04.06.2025;15:16:37
8.03;8.02;0.00;04.06.2025;15:16:38
7.95;8.00;0.00;04.06.2025;15:16:39
7.95;7.99;0.00;04.06.2025;15:16:40
7.99;7.94;0.00;04.06.2025;15:16:41
8.04;8.01;0.00;04.06.2025;15:16:42
7.96;8.04;0.00;04.06.2025;15:16:43
7.96;8.00;0.00;04.06.2025;15:16:44
7.96;8.02;0.00;04.06.2025;15:16:45
8.02;8.05;0.00;04.06.2025;15:16:46
7.97;7.96;0.00;04.06.2025;15:16:47
8.02;7.95;0.00;04.06.2025;15:16:48
8.07;8.01;0.00;04.06.2025;15:16:49
7.94;7.99;0.00;04.06.2025;15:16:50
8.02;7.99;0.00;04.06.2025;15:16:51
8.03;7.96;0.00;04.06.2025;15:16:52
7.99;7.97;0.00;04.06.2025;15:16:53
8.00;8.02;0.00;04.06.2025;15:16:54
8.07;7.95;0.00;04.06.2025;15:16:55
7.95;8.02;0.00;04.06.2025;15:16:56
7.93;7.99;0.00;04.06.2025;15:16:57
8.06;8.04;0.00;04.06.2025;15:16:58
7.98;7.99;0.00;04.06.2025;15:16:59
7.94;7.91;0.00;04.06.2025;15:17:00
7.94;7.99;0.00;04.06.2025;15:17:01
7.93;7.98;0.00;04.06.2025;15:17:02
8.00;8.05;3534.66;04.06.2025;15:17:02
8.08;8.05;3484.04;04.06.2025;15:17:03
8.08;8.02;3445.81;04.06.2025;15:17:04
8.12;8.03;3575.77;04.06.2025;15:17:05
8.13;8.01;3412.72;04.06.2025;15:17:06
8.08;8.14;3674.07;04.06.2025;15:17:07
8.04;8.04;3387.54;04.06.2025;15:17:08
8.17;8.10;3522.12;04.06.2025;15:17:09
8.06;8.14;3461.70;04.06.2025;15:17:10
8.07;8.18;3549.78;04.06.2025;15:17:11
8.16;8.11;3507.42;04.06.2025;15:17:12
8.13;8.26;3397.40;04.06.2025;15:17:13
8.22;8.20;3563.09;04.06.2025;15:17:14
8.24;8.20;3543.01;04.06.2025;15:17:15
8.16;8.22;3347.92;04.06.2025;15:17:16
8.24;8.31;3490.04;04.06.2025;15:17:17
8.19;8.31;3508.58;04.06.2025;15:17:18
8.28;8.31;3549.33;04.06.2025;15:17:19
8.32;8.29;3423.48;04.06.2025;15:17:20
8.33;8.29;3469.42;04.06.2025;15:17:21
8.40;8.33;3314.45;04.06.2025;15:17:22
8.36;8.33;3334.26;04.06.2025;15:17:23
8.38;8.36;3512.44;04.06.2025;15:17:24
8.31;8.36;3540.42;04.06.2025;15:17:25
8.48;8.43;3664.72;04.06.2025;15:17:26
8.34;8.38;3476.10;04.06.2025;15:17:27
8.36;8.46;3495.06;04.06.2025;15:17:28
8.47;8.42;3531.75;04.06.2025;15:17:29
8.38;8.49;3525.55;04.06.2025;15:17:30
8.48;8.52;3415.02;04.06.2025;15:17:31
8.44;8.44;3415.79;04.06.2025;15:17:32
8.57;8.51;3541.99;04.06.2025;15:17:33
8.56;8.55;3458.74;04.06.2025;15:17:34
8.62;8.57;3550.91;04.06.2025;15:17:35
8.62;8.60;3459.66;04.06.2025;15:17:36
8.55;8.53;3535.24;04.06.2025;15:17:37
8.68;8.58;3432.99;04.06.2025;15:17:38
8.69;8.66;3425.25;04.06.2025;15:17:39
8.62;8.63;3413.16;04.06.2025;15:17:40
8.58;8.69;3537.98;04.06.2025;15:17:41
8.64;8.67;3491.68;04.06.2025;15:17:42
8.68;8.61;3425.97;04.06.2025;15:17:43
8.67;8.70;3560.87;04.06.2025;15:17:44
8.80;8.72;3383.30;04.06.2025;15:17:45
8.69;8.75;3555.69;04.06.2025;15:17:46
8.83;8.76;3529.24;04.06.2025;15:17:47
8.80;8.73;3544.42;04.06.2025;15:17:48
8.78;8.87;3543.93;04.06.2025;15:17:49
8.81;8.75;3440.40;04.06.2025;15:17:50
8.83;8.90;3509.50;04.06.2025;15:17:51
8.91;8.84;3458.79;04.06.2025;15:17:52
8.86;8.84;3303.42;04.06.2025;15:17:53
8.94;8.90;3365.13;04.06.2025;15:17:54
8.95;8.86;3513.94;04.06.2025;15:17:55
8.92;8.89;3547.22;04.06.2025;15:17:56
8.95;8.92;3543.52;04.06.2025;15:17:57
8.85;8.92;3520.58;04.06.2025;15:17:58
8.98;8.94;3463.24;04.06.2025;15:17:59
8.99;8.89;3570.48;04.06.2025;15:18:00
9.04;8.97;3426.93;04.06.2025;15:18:01
9.08;8.92;3560.33;04.06.2025;15:18:02
8.95;9.04;0.00;04.06.2025;15:18:03
8.94;9.08;0.00;04.06.2025;15:18:04
9.07;8.95;0.00;04.06.2025;15:18:05
8.91;8.97;0.00;04.06.2025;15:18:06
8.96;9.01;0.00;04.06.2025;15:18:07
8.94;8.92;0.00;04.06.2025;15:18:08
9.07;9.04;0.00;04.06.2025;15:18:09
8.98;9.04;0.00;04.06.2025;15:18:10
9.03;9.01;0.00;04.06.2025;15:18:11
9.06;9.04;0.00;04.06.2025;15:18:12
8.94;9.00;0.00;04.06.2025;15:18:13
9.03;8.95;0.00;04.06.2025;15:18:14
9.05;9.04;0.00;04.06.2025;15:18:15
8.94;8.97;0.00;04.06.2025;15:18:16
9.01;9.00;0.00;04.06.2025;15:18:17
9.05;8.94;0.00;04.06.2025;15:18:18
9.03;9.03;0.00;04.06.2025;15:18:19
9.01;8.97;0.00;04.06.2025;15:18:20
9.08;8.96;0.00;04.06.2025;15:18:21
9.03;9.03;0.00;04.06.2025;15:18:22
9.03;8.99;0.00;04.06.2025;15:18:23
9.06;8.95;0.00;04.06.2025;15:18:24
9.05;9.01;0.00;04.06.2025;15:18:25
8.94;9.00;0.00;04.06.2025;15:18:26
9.06;8.96;0.00;04.06.2025;15:18:27
8.96;8.98;0.00;04.06.2025;15:18:28
8.96;9.09;0.00;04.06.2025;15:18:29
8.96;8.92;0.00;04.06.2025;15:18:30
8.95;8.95;0.00;04.06.2025;15:18:31
8.98;9.00;0.00;04.06.2025;15:18:32
9.04;8.99;0.00;04.06.2025;15:18:33
8.99;8.94;0.00;04.06.2025;15:18:34
8.94;8.93;0.00;04.06.2025;15:18:35
9.08;9.02;0.00;04.06.2025;15:18:36
9.04;9.06;0.00;04.06.2025;15:18:37
8.97;9.04;0.00;04.06.2025;15:18:38
8.96;8.95;0.00;04.06.2025;15:18:39
9.00;9.04;0.00;04.06.2025;15:18:40
8.92;9.00;0.00;04.06.2025;15:18:41
9.06;9.00;0.00;04.06.2025;15:18:42
9.08;9.04;0.00;04.06.2025;15:18:43
8.96;8.98;0.00;04.06.2025;15:18:44
8.96;8.99;0.00;04.06.2025;15:18:45
9.05;9.02;0.00;04.06.2025;15:18:46
9.00;8.92;0.00;04.06.2025;15:18:47
8.93;8.99;0.00;04.06.2025;15:18:48
8.93;9.05;0.00;04.06.2025;15:18:49
9.07;8.96;0.00;04.06.2025;15:18:50
8.92;8.96;0.00;04.06.2025;15:18:51
9.00;9.03;0.00;04.06.2025;15:18:52
8.92;8.98;0.00;04.06.2025;15:18:53
9.08;9.01;0.00;04.06.2025;15:18:54
9.03;9.03;0.00;04.06.2025;15:18:55
9.00;9.01;0.00;04.06.2025;15:18:56
8.96;9.04;0.00;04.06.2025;15:18:57
8.92;8.98;0.00;04.06.2025;15:18:58
8.97;9.02;0.00;04.06.2025;15:18:59
9.04;9.06;0.00;04.06.2025;15:19:00
9.02;8.96;0.00;04.06.2025;15:19:01
9.06;9.06;0.00;04.06.2025;15:19:02
8.98;9.02;3455.80;04.06.2025;15:19:02
8.99;9.03;3400.29;04.06.2025;15:19:03
8.95;9.05;3400.51;04.06.2025;15:19:04
8.96;9.07;3460.79;04.06.2025;15:19:05
9.09;9.07;3376.07;04.06.2025;15:19:06
9.02;9.12;3521.47;04.06.2025;15:19:07
9.07;9.08;3438.77;04.06.2025;15:19:08
9.18;9.13;3375.66;04.06.2025;15:19:09
9.20;9.17;3501.81;04.06.2025;15:19:10
9.12;9.18;3359.36;04.06.2025;15:19:11
9.24;9.16;3446.40;04.06.2025;15:19:12
9.16;9.19;3430.91;04.06.2025;15:19:13
9.14;9.21;3514.87;04.06.2025;15:19:14
9.31;9.21;3470.92;04.06.2025;15:19:15
9.21;9.26;3513.24;04.06.2025;15:19:16
9.29;9.21;3389.35;04.06.2025;15:19:17
9.20;9.34;3463.72;04.06.2025;15:19:18
9.33;9.31;3568.84;04.06.2025;15:19:19
9.28;9.35;3497.10;04.06.2025;15:19:20
9.27;9.30;3442.19;04.06.2025;15:19:21
9.39;9.37;3439.73;04.06.2025;15:19:22
9.31;9.42;3452.30;04.06.2025;15:19:23
9.38;9.36;3339.25;04.06.2025;15:19:24
9.31;9.40;3493.62;04.06.2025;15:19:25
9.38;9.45;3464.09;04.06.2025;15:19:26
9.33;9.39;3467.94;04.06.2025;15:19:27
9.50;9.42;3427.59;04.06.2025;15:19:28
9.49;9.42;3372.30;04.06.2025;15:19:29
9.43;9.47;3416.37;04.06.2025;15:19:30
9.46;9.43;3420.94;04.06.2025;15:19:31
9.56;9.49;3537.00;04.06.2025;15:19:32
9.60;9.49;3580.83;04.06.2025;15:19:33
9.49;9.54;3559.66;04.06.2025;15:19:34
9.46;9.50;3493.26;04.06.2025;15:19:35
9.61;9.57;3601.03;04.06.2025;15:19:36
9.62;9.62;3598.24;04.06.2025;15:19:37
9.51;9.63;3450.10;04.06.2025;15:19:38
9.65;9.68;3555.81;04.06.2025;15:19:39
9.62;9.56;3529.20;04.06.2025;15:19:40
9.67;9.64;3489.17;04.06.2025;15:19:41
9.69;9.69;3579.09;04.06.2025;15:19:42
9.59;9.64;3437.43;04.06.2025;15:19:43
9.70;9.67;3468.88;04.06.2025;15:19:44
9.67;9.67;3401.43;04.06.2025;15:19:45
9.81;9.76;3442.02;04.06.2025;15:19:46
9.69;9.74;3442.63;04.06.2025;15:19:47
9.79;9.77;3555.45;04.06.2025;15:19:48
9.87;9.73;3487.43;04.06.2025;15:19:49
9.83;9.80;3531.51;04.06.2025;15:19:50
9.85;9.86;3368.03;04.06.2025;15:19:51
9.91;9.87;3619.09;04.06.2025;15:19:52
9.78;9.82;3514.53;04.06.2025;15:19:53
9.82;9.86;3480.56;04.06.2025;15:19:54
9.98;9.93;3577.07;04.06.2025;15:19:55
9.91;9.88;3487.60;04.06.2025;15:19:56
9.89;9.98;3468.98;04.06.2025;15:19:57
9.87;9.94;3571.71;04.06.2025;15:19:58
9.97;9.90;3474.58;04.06.2025;15:19:59
9.99;10.05;3490.13;04.06.2025;15:20:00
10.05;9.98;3425.71;04.06.2025;15:20:01
9.91;10.04;3578.18;04.06.2025;15:20:02
10.02;10.06;0.00;04.06.2025;15:20:03
10.06;9.94;0.00;04.06.2025;15:20:04
9.92;10.02;0.00;04.06.2025;15:20:05
10.04;9.98;0.00;04.06.2025;15:20:06
9.99;9.98;0.00;04.06.2025;15:20:07
9.98;10.03;0.00;04.06.2025;15:20:08
9.99;10.02;0.00;04.06.2025;15:20:09
9.93;10.00;0.00;04.06.2025;15:20:10
9.91;10.03;0.00;04.06.2025;15:20:11
9.91;10.04;0.00;04.06.2025;15:20:12
9.92;9.99;0.00;04.06.2025;15:20:13
9.94;9.99;0.00;04.06.2025;15:20:14
10.00;9.93;0.00;04.06.2025;15:20:15
10.04;10.04;0.00;04.06.2025;15:20:16
9.93;9.99;0.00;04.06.2025;15:20:17
10.01;10.05;0.00;04.06.2025;15:20:18
10.09;10.04;0.00;04.06.2025;15:20:19
10.00;9.96;0.00;04.06.2025;15:20:20
10.10;9.97;0.00;04.06.2025;15:20:21
10.03;10.06;0.00;04.06.2025;15:20:22
10.05;10.01;0.00;04.06.2025;15:20:23
10.07;10.03;0.00;04.06.2025;15:20:24
9.92;9.95;0.00;04.06.2025;15:20:25
10.03;10.02;0.00;04.06.2025;15:20:26
9.90;10.05;0.00;04.06.2025;15:20:27
10.08;9.97;0.00;04.06.2025;15:20:28
9.95;10.00;0.00;04.06.2025;15:20:29
10.10;9.99;0.00;04.06.2025;15:20:30
10.04;10.02;0.00;04.06.2025;15:20:31
9.92;10.02;0.00;04.06.2025;15:20:32
9.92;10.05;0.00;04.06.2025;15:20:33
9.98;10.08;0.00;04.06.2025;15:20:34
9.96;10.01;0.00;04.06.2025;15:20:35
10.05;10.01;0.00;04.06.2025;15:20:36
9.91;10.02;0.00;04.06.2025;15:20:37
10.02;10.01;0.00;04.06.2025;15:20:38
9.90;10.04;0.00;04.06.2025;15:20:39
10.09;9.95;0.00;04.06.2025;15:20:40
10.06;9.95;0.00;04.06.2025;15:20:41
9.97;10.01;0.00;04.06.2025;15:20:42
10.02;9.95;0.00;04.06.2025;15:20:43
10.02;9.96;0.00;04.06.2025;15:20:44
9.98;10.00;0.00;04.06.2025;15:20:45
10.08;9.97;0.00;04.06.2025;15:20:46
9.98;9.97;0.00;04.06.2025;15:20:47
9.93;10.02;0.00;04.06.2025;15:20:48
10.08;9.98;0.00;04.06.2025;15:20:49
9.96;9.98;0.00;04.06.2025;15:20:50
10.03;10.00;0.00;04.06.2025;15:20:51
10.01;10.05;0.00;04.06.2025;15:20:52
10.08;9.94;0.00;04.06.2025;15:20:53
10.05;10.01;0.00;04.06.2025;15:20:54
9.94;9.92;0.00;04.06.2025;15:20:55
10.08;9.98;0.00;04.06.2025;15:20:56
10.08;9.98;0.00;04.06.2025;15:20:57
9.94;10.05;0.00;04.06.2025;15:20:58
10.06;10.02;0.00;04.06.2025;15:20:59
9.96;9.97;0.00;04.06.2025;15:21:00
10.06;9.98;0.00;04.06.2025;15:21:01
9.93;10.04;0.00;04.06.2025;15:21:02
9.97;10.01;0.00;04.06.2025;15:21:03
10.01;9.93;0.00;04.06.2025;15:21:04
10.07;10.05;0.00;04.06.2025;15:21:05
10.04;10.06;0.00;04.06.2025;15:21:06
10.07;10.03;0.00;04.06.2025;15:21:07
10.09;9.99;0.00;04.06.2025;15:21:08
9.91;9.96;0.00;04.06.2025;15:21:09
10.05;10.06;0.00;04.06.2025;15:21:10
10.03;10.06;0.00;04.06.2025;15:21:11
10.02;9.97;0.00;04.06.2025;15:21:12
10.09;10.03;0.00;04.06.2025;15:21:13
10.08;10.00;0.00;04.06.2025;15:21:14
10.07;9.96;0.00;04.06.2025;15:21:15
10.03;10.09;0.00;04.06.2025;15:21:16
9.95;10.04;0.00;04.06.2025;15:21:17
9.93;9.99;0.00;04.06.2025;15:21:18
9.96;10.01;0.00;04.06.2025;15:21:19
9.96;10.02;0.00;04.06.2025;15:21:20
10.00;9.99;0.00;04.06.2025;15:21:21
10.08;10.04;0.00;04.06.2025;15:21:22
10.09;10.04;0.00;04.06.2025;15:21:23
9.96;10.00;0.00;04.06.2025;15:21:24
9.92;10.06;0.00;04.06.2025;15:21:25
10.04;10.00;0.00;04.06.2025;15:21:26
9.90;10.04;0.00;04.06.2025;15:21:27
9.94;9.93;0.00;04.06.2025;15:21:28
9.97;10.00;0.00;04.06.2025;15:21:29
9.99;9.93;0.00;04.06.2025;15:21:30
9.91;10.04;0.00;04.06.2025;15:21:31
10.07;9.98;0.00;04.06.2025;15:21:32
9.92;10.01;0.00;04.06.2025;15:21:33
9.97;10.05;0.00;04.06.2025;15:21:34
9.91;9.99;0.00;04.06.2025;15:21:35
10.08;10.03;0.00;04.06.2025;15:21:36
9.99;10.03;0.00;04.06.2025;15:21:37
10.02;9.97;0.00;04.06.2025;15:21:38
9.92;10.00;0.00;04.06.2025;15:21:39
9.98;10.06;0.00;04.06.2025;15:21:40
10.09;10.06;0.00;04.06.2025;15:21:41
10.04;10.02;0.00;04.06.2025;15:21:42
10.02;9.98;0.00;04.06.2025;15:21:43
10.01;10.01;0.00;04.06.2025;15:21:44
10.01;10.00;0.00;04.06.2025;15:21:45
9.99;10.01;0.00;04.06.2025;15:21:46
9.94;10.02;0.00;04.06.2025;15:21:47
9.95;10.01;0.00;04.06.2025;15:21:48
9.94;9.94;0.00;04.06.2025;15:21:49
10.07;9.96;0.00;04.06.2025;15:21:50
10.07;10.05;0.00;04.06.2025;15:21:51
9.99;9.99;0.00;04.06.2025;15:21:52
9.98;10.06;0.00;04.06.2025;15:21:53
10.02;9.97;0.00;04.06.2025;15:21:54
9.94;10.00;0.00;04.06.2025;15:21:55
9.94;10.00;0.00;04.06.2025;15:21:56
9.98;10.01;0.00;04.06.2025;15:21:57
10.07;9.99;0.00;04.06.2025;15:21:58
9.90;10.02;0.00;04.06.2025;15:21:59
10.01;10.03;0.00;04.06.2025;15:22:00
10.10;9.95;0.00;04.06.2025;15:22:01
10.10;9.97;0.00;04.06.2025;15:22:02
9.97;10.01;3456.76;04.06.2025;15:22:02
10.05;9.98;3577.12;04.06.2025;15:22:03
10.05;9.97;3459.14;04.06.2025;15:22:04
10.00;10.06;3598.02;04.06.2025;15:22:05
10.04;10.07;3485.85;04.06.2025;15:22:06
10.02;10.08;3467.69;04.06.2025;15:22:07
10.03;10.13;3501.53;04.06.2025;15:22:08
10.17;10.14;3480.69;04.06.2025;15:22:09
10.18;10.17;3510.12;04.06.2025;15:22:10
10.07;10.15;3569.99;04.06.2025;15:22:11
10.22;10.18;3540.04;04.06.2025;15:22:12
10.16;10.13;3523.69;04.06.2025;15:22:13
10.17;10.19;3583.66;04.06.2025;15:22:14
10.22;10.16;3417.57;04.06.2025;15:22:15
10.29;10.24;3514.29;04.06.2025;15:22:16
10.33;10.22;3437.23;04.06.2025;15:22:17
10.17;10.30;3540.36;04.06.2025;15:22:18
10.30;10.29;3440.46;04.06.2025;15:22:19
10.34;10.29;3499.03;04.06.2025;15:22:20
10.22;10.31;3358.84;04.06.2025;15:22:21
10.43;10.28;3564.12;04.06.2025;15:22:22
10.29;10.34;3627.60;04.06.2025;15:22:23
10.32;10.39;3495.51;04.06.2025;15:22:24
10.34;10.35;3425.09;04.06.2025;15:22:25
10.38;10.37;3441.36;04.06.2025;15:22:26
10.47;10.40;3496.51;04.06.2025;15:22:27
10.34;10.49;3502.89;04.06.2025;15:22:28
10.48;10.48;3571.39;04.06.2025;15:22:29
10.54;10.51;3541.89;04.06.2025;15:22:30
10.41;10.48;3449.70;04.06.2025;15:22:31
10.44;10.53;3446.85;04.06.2025;15:22:32
10.41;10.52;3583.69;04.06.2025;15:22:33
10.58;10.60;3418.97;04.06.2025;15:22:34
10.64;10.51;3518.04;04.06.2025;15:22:35
10.62;10.58;3469.23;04.06.2025;15:22:36
10.51;10.47;3465.58;04.06.2025;15:22:37
10.58;10.56;3534.47;04.06.2025;15:22:38
10.52;10.61;3530.16;04.06.2025;15:22:39
10.57;10.63;3415.17;04.06.2025;15:22:40
10.72;10.64;3541.85;04.06.2025;15:22:41
10.63;10.66;3451.62;04.06.2025;15:22:42
10.75;10.65;3508.21;04.06.2025;15:22:43
10.70;10.73;3486.28;04.06.2025;15:22:44
10.79;10.65;3537.85;04.06.2025;15:22:45
10.81;10.78;3437.69;04.06.2025;15:22:46
10.66;10.78;3430.95;04.06.2025;15:22:47
10.69;10.72;3432.57;04.06.2025;15:22:48
10.84;10.79;3505.23;04.06.2025;15:22:49
10.74;10.86;3517.35;04.06.2025;15:22:50
10.91;10.88;3558.23;04.06.2025;15:22:51
10.91;10.82;3508.49;04.06.2025;15:22:52
10.78;10.84;3520.05;04.06.2025;15:22:53
10.79;10.90;3545.42;04.06.2025;15:22:54
10.90;10.91;3583.38;04.06.2025;15:22:55
11.00;10.92;3318.46;04.06.2025;15:22:56
10.90;11.04;3400.15;04.06.2025;15:22:57
10.90;10.95;3481.88;04.06.2025;15:22:58
10.90;10.91;3418.34;04.06.2025;15:22:59
10.92;11.02;3545.35;04.06.2025;15:23:00
10.94;11.00;3446.36;04.06.2025;15:23:01
10.99;11.01;3440.05;04.06.2025;15:23:02
10.98;11.04;0.00;04.06.2025;15:23:03
11.08;11.02;0.00;04.06.2025;15:23:04
11.05;10.98;0.00;04.06.2025;15:23:05
11.01;11.02;0.00;04.06.2025;15:23:06
11.06;10.96;0.00;04.06.2025;15:23:07
10.97;11.01;0.00;04.06.2025;15:23:08
10.99;11.06;0.00;04.06.2025;15:23:09
10.93;10.99;0.00;04.06.2025;15:23:10
10.90;10.98;0.00;04.06.2025;15:23:11
10.93;10.99;0.00;04.06.2025;15:23:12
11.10;11.04;0.00;04.06.2025;15:23:13
10.94;11.04;0.00;04.06.2025;15:23:14
10.93;10.94;0.00;04.06.2025;15:23:15
11.05;11.14;0.00;04.06.2025;15:23:16
10.92;11.08;0.00;04.06.2025;15:23:17
10.96;11.03;0.00;04.06.2025;15:23:18
11.01;10.98;0.00;04.06.2025;15:23:19
11.01;11.08;0.00;04.06.2025;15:23:20
10.97;11.01;0.00;04.06.2025;15:23:21
10.95;11.04;0.00;04.06.2025;15:23:22
11.04;10.99;0.00;04.06.2025;15:23:23
11.10;10.94;0.00;04.06.2025;15:23:24
11.02;10.99;0.00;04.06.2025;15:23:25
11.10;11.02;0.00;04.06.2025;15:23:26
10.92;11.05;0.00;04.06.2025;15:23:27
10.99;11.04;0.00;04.06.2025;15:23:28
11.08;11.02;0.00;04.06.2025;15:23:29
11.10;11.06;0.00;04.06.2025;15:23:30
10.91;11.02;0.00;04.06.2025;15:23:31
11.07;11.01;0.00;04.06.2025;15:23:32
11.10;11.00;0.00;04.06.2025;15:23:33
11.04;11.04;0.00;04.06.2025;15:23:34
10.93;11.03;0.00;04.06.2025;15:23:35
10.94;10.97;0.00;04.06.2025;15:23:36
10.94;10.98;0.00;04.06.2025;15:23:37
10.98;11.04;0.00;04.06.2025;15:23:38
11.11;10.98;0.00;04.06.2025;15:23:39
10.97;10.94;0.00;04.06.2025;15:23:40
11.10;10.96;0.00;04.06.2025;15:23:41
11.05;10.99;0.00;04.06.2025;15:23:42
11.03;11.03;0.00;04.06.2025;15:23:43
11.05;10.98;0.00;04.06.2025;15:23:44
10.95;10.99;0.00;04.06.2025;15:23:45
11.11;10.98;0.00;04.06.2025;15:23:46
10.89;10.99;0.00;04.06.2025;15:23:47
10.89;11.02;0.00;04.06.2025;15:23:48
11.11;11.02;0.00;04.06.2025;15:23:49
11.03;11.00;0.00;04.06.2025;15:23:50
10.93;11.03;0.00;04.06.2025;15:23:51
10.98;10.94;0.00;04.06.2025;15:23:52
11.00;10.97;0.00;04.06.2025;15:23:53
10.89;10.96;0.00;04.06.2025;15:23:54
11.04;10.98;0.00;04.06.2025;15:23:55
10.93;11.06;0.00;04.06.2025;15:23:56
11.07;10.99;0.00;04.06.2025;15:23:57
10.97;10.99;0.00;04.06.2025;15:23:58
10.93;11.00;0.00;04.06.2025;15:23:59
10.94;11.03;0.00;04.06.2025;15:24:00
11.01;11.00;0.00;04.06.2025;15:24:01
10.93;11.01;0.00;04.06.2025;15:24:02
11.02;10.98;0.00;04.06.2025;15:24:03
11.10;10.95;0.00;04.06.2025;15:24:04
11.05;11.04;0.00;04.06.2025;15:24:05
11.10;11.02;0.00;04.06.2025;15:24:06
11.05;11.05;0.00;04.06.2025;15:24:07
10.92;11.03;0.00;04.06.2025;15:24:08
11.04;11.03;0.00;04.06.2025;15:24:09
11.06;11.01;0.00;04.06.2025;15:24:10
11.02;10.98;0.00;04.06.2025;15:24:11
10.95;11.02;0.00;04.06.2025;15:24:12
10.96;11.05;0.00;04.06.2025;15:24:13
11.06;11.01;0.00;04.06.2025;15:24:14
11.05;10.98;0.00;04.06.2025;15:24:15
10.98;10.95;0.00;04.06.2025;15:24:16
11.00;10.98;0.00;04.06.2025;15:24:17
11.03;11.01;0.00;04.06.2025;15:24:18
10.94;10.96;0.00;04.06.2025;15:24:19
10.90;11.00;0.00;04.06.2025;15:24:20
10.89;11.03;0.00;04.06.2025;15:24:21
11.05;11.04;0.00;04.06.2025;15:24:22
11.04;10.96;0.00;04.06.2025;15:24:23
10.91;11.00;0.00;04.06.2025;15:24:24
10.96;10.99;0.00;04.06.2025;15:24:25
11.03;10.95;0.00;04.06.2025;15:24:26
11.07;11.02;0.00;04.06.2025;15:24:27
11.07;10.97;0.00;04.06.2025;15:24:28
10.97;11.00;0.00;04.06.2025;15:24:29
11.07;11.05;0.00;04.06.2025;15:24:30
10.98;11.01;0.00;04.06.2025;15:24:31
11.07;10.97;0.00;04.06.2025;15:24:32
10.94;10.98;0.00;04.06.2025;15:24:33
10.90;10.97;0.00;04.06.2025;15:24:34
11.11;10.94;0.00;04.06.2025;15:24:35
10.99;11.00;0.00;04.06.2025;15:24:36
11.09;11.02;0.00;04.06.2025;15:24:37
11.10;10.98;0.00;04.06.2025;15:24:38
10.97;10.99;0.00;04.06.2025;15:24:39
11.05;10.99;0.00;04.06.2025;15:24:40
11.10;10.98;0.00;04.06.2025;15:24:41
11.02;11.00;0.00;04.06.2025;15:24:42
11.04;11.00;0.00;04.06.2025;15:24:43
11.05;10.98;0.00;04.06.2025;15:24:44
11.00;10.99;0.00;04.06.2025;15:24:45
10.96;11.01;0.00;04.06.2025;15:24:46
10.91;11.02;0.00;04.06.2025;15:24:47
10.98;10.95;0.00;04.06.2025;15:24:48
10.97;11.00;0.00;04.06.2025;15:24:49
11.06;11.01;0.00;04.06.2025;15:24:50
10.96;11.03;0.00;04.06.2025;15:24:51
10.92;10.99;0.00;04.06.2025;15:24:52
10.93;11.03;0.00;04.06.2025;15:24:53
10.99;11.03;0.00;04.06.2025;15:24:54
11.03;11.02;0.00;04.06.2025;15:24:55
11.07;10.98;0.00;04.06.2025;15:24:56
10.96;11.02;0.00;04.06.2025;15:24:57
10.92;11.03;0.00;04.06.2025;15:24:58
11.08;11.02;0.00;04.06.2025;15:24:59
10.93;10.98;0.00;04.06.2025;15:25:00
10.92;11.04;0.00;04.06.2025;15:25:01
11.06;11.00;0.00;04.06.2025;15:25:02
11.07;10.97;3487.29;04.06.2025;15:25:02
11.04;10.97;3446.48;04.06.2025;15:25:03
10.96;10.99;3440.95;04.06.2025;15:25:04
11.07;10.99;3350.34;04.06.2025;15:25:05
11.15;11.09;3619.24;04.06.2025;15:25:06
11.08;11.08;3408.38;04.06.2025;15:25:07
11.11;11.06;3488.96;04.06.2025;15:25:08
11.07;11.16;3610.17;04.06.2025;15:25:09
11.05;11.20;3526.32;04.06.2025;15:25:10
11.11;11.14;3526.11;04.06.2025;15:25:11
11.09;11.16;3550.24;04.06.2025;15:25:12
11.27;11.20;3478.56;04.06.2025;15:25:13
11.20;11.17;3603.95;04.06.2025;15:25:14
11.20;11.25;3428.73;04.06.2025;15:25:15
11.13;11.26;3545.90;04.06.2025;15:25:16
11.29;11.28;3666.60;04.06.2025;15:25:17
11.32;11.24;3482.88;04.06.2025;15:25:18
11.21;11.29;3463.68;04.06.2025;15:25:19
11.25;11.37;3498.19;04.06.2025;15:25:20
11.32;11.27;3480.32;04.06.2025;15:25:21
11.31;11.34;3358.69;04.06.2025;15:25:22
11.33;11.31;3610.83;04.06.2025;15:25:23
11.26;11.35;3546.05;04.06.2025;15:25:24
11.49;11.29;3484.52;04.06.2025;15:25:25
11.33;11.40;3499.59;04.06.2025;15:25:26
11.42;11.42;3418.73;04.06.2025;15:25:27
11.51;11.46;3547.51;04.06.2025;15:25:28
11.55;11.48;3562.38;04.06.2025;15:25:29
11.49;11.46;3338.59;04.06.2025;15:25:30
11.57;11.52;3526.01;04.06.2025;15:25:31
11.52;11.48;3455.57;04.06.2025;15:25:32
11.42;11.50;3465.82;04.06.2025;15:25:33
11.60;11.50;3434.14;04.06.2025;15:25:34
11.47;11.59;3545.55;04.06.2025;15:25:35
11.67;11.54;3445.27;04.06.2025;15:25:36
11.49;11.62;3476.57;04.06.2025;15:25:37
11.61;11.60;3515.52;04.06.2025;15:25:38
11.69;11.63;3364.53;04.06.2025;15:25:39
11.75;11.65;3508.19;04.06.2025;15:25:40
11.71;11.68;3494.24;04.06.2025;15:25:41
11.68;11.72;3540.28;04.06.2025;15:25:42
11.71;11.68;3476.06;04.06.2025;15:25:43
11.72;11.70;3410.78;04.06.2025;15:25:44
11.62;11.73;3492.42;04.06.2025;15:25:45
11.66;11.75;3505.66;04.06.2025;15:25:46
11.77;11.77;3446.28;04.06.2025;15:25:47
11.76;11.77;3544.39;04.06.2025;15:25:48
11.86;11.76;3426.20;04.06.2025;15:25:49
11.71;11.82;3495.05;04.06.2025;15:25:50
11.92;11.73;3528.88;04.06.2025;15:25:51
11.85;11.71;3552.20;04.06.2025;15:25:52
11.82;11.82;3417.16;04.06.2025;15:25:53
11.85;11.91;3461.94;04.06.2025;15:25:54
11.98;11.91;3448.67;04.06.2025;15:25:55
12.01;11.91;3467.88;04.06.2025;15:25:56
11.96;11.95;3592.49;04.06.2025;15:25:57
11.89;11.94;3446.91;04.06.2025;15:25:58
11.95;12.00;3465.72;04.06.2025;15:25:59
11.91;11.92;3515.57;04.06.2025;15:26:00
11.95;12.03;3516.27;04.06.2025;15:26:01
12.09;12.01;3417.99;04.06.2025;15:26:02
11.91;11.99;0.00;04.06.2025;15:26:03
11.92;12.02;0.00;04.06.2025;15:26:04
11.90;11.97;0.00;04.06.2025;15:26:05
12.06;11.96;0.00;04.06.2025;15:26:06
12.01;12.03;0.00;04.06.2025;15:26:07
11.98;12.03;0.00;04.06.2025;15:26:08
12.07;11.97;0.00;04.06.2025;15:26:09
11.95;11.99;0.00;04.06.2025;15:26:10
11.89;11.98;0.00;04.06.2025;15:26:11
12.00;11.97;0.00;04.06.2025;15:26:12
11.91;12.00;0.00;04.06.2025;15:26:13
11.94;12.00;0.00;04.06.2025;15:26:14
12.10;11.97;0.00;04.06.2025;15:26:15
11.98;12.04;0.00;04.06.2025;15:26:16
12.01;12.01;0.00;04.06.2025;15:26:17
12.03;12.01;0.00;04.06.2025;15:26:18
12.04;11.99;0.00;04.06.2025;15:26:19
11.94;11.98;0.00;04.06.2025;15:26:20
12.12;12.03;0.00;04.06.2025;15:26:21
12.04;12.02;0.00;04.06.2025;15:26:22
12.09;12.05;0.00;04.06.2025;15:26:23
11.89;11.99;0.00;04.06.2025;15:26:24
12.06;11.97;0.00;04.06.2025;15:26:25
11.91;11.95;0.00;04.06.2025;15:26:26
12.02;11.98;0.00;04.06.2025;15:26:27
11.98;11.93;0.00;04.06.2025;15:26:28
11.91;11.98;0.00;04.06.2025;15:26:29
11.92;11.97;0.00;04.06.2025;15:26:30
11.91;12.03;0.00;04.06.2025;15:26:31
12.00;12.02;0.00;04.06.2025;15:26:32
12.08;12.01;0.00;04.06.2025;15:26:33
11.92;12.03;0.00;04.06.2025;15:26:34
11.98;11.98;0.00;04.06.2025;15:26:35
12.00;11.95;0.00;04.06.2025;15:26:36
11.93;11.98;0.00;04.06.2025;15:26:37
12.02;11.97;0.00;04.06.2025;15:26:38
11.98;11.98;0.00;04.06.2025;15:26:39
11.97;12.06;0.00;04.06.2025;15:26:40
11.91;12.02;0.00;04.06.2025;15:26:41
12.02;11.91;0.00;04.06.2025;15:26:42
12.10;11.96;0.00;04.06.2025;15:26:43
12.03;11.98;0.00;04.06.2025;15:26:44
11.91;12.06;0.00;04.06.2025;15:26:45
12.03;12.00;0.00;04.06.2025;15:26:46
11.94;12.03;0.00;04.06.2025;15:26:47
12.04;12.07;0.00;04.06.2025;15:26:48
12.02;12.06;0.00;04.06.2025;15:26:49
12.03;11.99;0.00;04.06.2025;15:26:50
11.97;12.01;0.00;04.06.2025;15:26:51
12.05;12.09;0.00;04.06.2025;15:26:52
11.90;12.01;0.00;04.06.2025;15:26:53
12.07;11.98;0.00;04.06.2025;15:26:54
12.00;12.00;0.00;04.06.2025;15:26:55
11.96;11.94;0.00;04.06.2025;15:26:56
11.98;11.98;0.00;04.06.2025;15:26:57
11.98;12.06;0.00;04.06.2025;15:26:58
12.12;11.98;0.00;04.06.2025;15:26:59
11.99;12.00;0.00;04.06.2025;15:27:00
11.94;12.02;0.00;04.06.2025;15:27:01
12.07;12.05;0.00;04.06.2025;15:27:02
11.98;11.98;0.00;04.06.2025;15:27:03
11.88;12.04;0.00;04.06.2025;15:27:04
12.01;11.97;0.00;04.06.2025;15:27:05
12.08;11.96;0.00;04.06.2025;15:27:06
12.04;11.96;0.00;04.06.2025;15:27:07
11.89;11.99;0.00;04.06.2025;15:27:08
11.97;12.06;0.00;04.06.2025;15:27:09
12.07;12.06;0.00;04.06.2025;15:27:10
12.00;12.03;0.00;04.06.2025;15:27:11
12.09;11.96;0.00;04.06.2025;15:27:12
11.96;12.01;0.00;04.06.2025;15:27:13
12.08;11.97;0.00;04.06.2025;15:27:14
11.89;12.01;0.00;04.06.2025;15:27:15
12.00;12.05;0.00;04.06.2025;15:27:16
11.91;12.03;0.00;04.06.2025;15:27:17
11.91;11.98;0.00;04.06.2025;15:27:18
12.11;12.02;0.00;04.06.2025;15:27:19
11.98;11.95;0.00;04.06.2025;15:27:20
11.98;12.03;0.00;04.06.2025;15:27:21
11.97;11.99;0.00;04.06.2025;15:27:22
11.98;11.98;0.00;04.06.2025;15:27:23
12.06;12.00;0.00;04.06.2025;15:27:24
11.98;12.06;0.00;04.06.2025;15:27:25
12.00;12.03;0.00;04.06.2025;15:27:26
12.12;12.00;0.00;04.06.2025;15:27:27
12.08;12.03;0.00;04.06.2025;15:27:28
11.93;12.00;0.00;04.06.2025;15:27:29
11.92;11.98;0.00;04.06.2025;15:27:30
12.05;11.97;0.00;04.06.2025;15:27:31
11.95;11.98;0.00;04.06.2025;15:27:32
12.06;12.00;0.00;04.06.2025;15:27:33
12.01;12.01;0.00;04.06.2025;15:27:34
12.05;12.02;0.00;04.06.2025;15:27:35
11.96;12.05;0.00;04.06.2025;15:27:36
11.89;11.98;0.00;04.06.2025;15:27:37
11.97;12.00;0.00;04.06.2025;15:27:38
12.10;11.98;0.00;04.06.2025;15:27:39
11.90;12.04;0.00;04.06.2025;15:27:40
11.88;11.96;0.00;04.06.2025;15:27:41
12.12;11.94;0.00;04.06.2025;15:27:42
11.99;12.02;0.00;04.06.2025;15:27:43
11.95;12.07;0.00;04.06.2025;15:27:44
12.12;11.98;0.00;04.06.2025;15:27:45
12.09;12.03;0.00;04.06.2025;15:27:46
11.93;12.02;0.00;04.06.2025;15:27:47
11.88;11.96;0.00;04.06.2025;15:27:48
11.90;12.02;0.00;04.06.2025;15:27:49
12.07;11.97;0.00;04.06.2025;15:27:50
12.00;11.97;0.00;04.06.2025;15:27:51
11.94;11.96;0.00;04.06.2025;15:27:52
11.94;11.95;0.00;04.06.2025;15:27:53
12.00;11.98;0.00;04.06.2025;15:27:54
12.03;11.99;0.00;04.06.2025;15:27:55
11.99;11.95;0.00;04.06.2025;15:27:56
11.92;11.98;0.00;04.06.2025;15:27:57
12.03;11.98;0.00;04.06.2025;15:27:58
12.03;12.00;0.00;04.06.2025;15:27:59
11.91;12.01;0.00;04.06.2025;15:28:00
11.96;12.03;0.00;04.06.2025;15:28:01
11.94;12.04;0.00;04.06.2025;15:28:02
12.02;12.03;3406.76;04.06.2025;15:28:02
12.00;11.97;3467.15;04.06.2025;15:28:03
12.01;12.01;3540.84;04.06.2025;15:28:04
12.09;12.06;3596.56;04.06.2025;15:28:05
12.18;12.09;3588.09;04.06.2025;15:28:06
12.20;12.09;3452.50;04.06.2025;15:28:07
11.98;12.07;3508.50;04.06.2025;15:28:08
12.05;12.04;3515.64;04.06.2025;15:28:09
12.11;12.14;3619.27;04.06.2025;15:28:10
12.17;12.12;3517.02;04.06.2025;15:28:11
12.22;12.16;3584.88;04.06.2025;15:28:12
12.30;12.22;3521.99;04.06.2025;15:28:13
12.28;12.18;3457.95;04.06.2025;15:28:14
12.14;12.17;3483.70;04.06.2025;15:28:15
12.32;12.21;3420.85;04.06.2025;15:28:16
12.33;12.20;3389.08;04.06.2025;15:28:17
12.37;12.32;3573.97;04.06.2025;15:28:18
12.28;12.33;3432.90;04.06.2025;15:28:19
12.24;12.23;3491.76;04.06.2025;15:28:20
12.22;12.36;3461.99;04.06.2025;15:28:21
12.39;12.30;3458.52;04.06.2025;15:28:22
12.37;12.34;3510.77;04.06.2025;15:28:23
12.28;12.38;3508.53;04.06.2025;15:28:24
12.27;12.37;3607.24;04.06.2025;15:28:25
12.39;12.43;3477.21;04.06.2025;15:28:26
12.53;12.43;3391.22;04.06.2025;15:28:27
12.51;12.40;3456.04;04.06.2025;15:28:28
12.38;12.50;3558.73;04.06.2025;15:28:29
12.37;12.43;3658.43;04.06.2025;15:28:30
12.56;12.52;3504.67;04.06.2025;15:28:31
12.40;12.49;3575.01;04.06.2025;15:28:32
12.51;12.50;3535.97;04.06.2025;15:28:33
12.47;12.62;3441.92;04.06.2025;15:28:34
12.51;12.53;3503.46;04.06.2025;15:28:35
12.60;12.56;3313.61;04.06.2025;15:28:36
12.49;12.62;3515.05;04.06.2025;15:28:37
12.69;12.61;3384.31;04.06.2025;15:28:38
12.68;12.57;3462.22;04.06.2025;15:28:39
12.58;12.61;3360.00;04.06.2025;15:28:40
12.70;12.58;3489.15;04.06.2025;15:28:41
12.71;12.65;3526.88;04.06.2025;15:28:42
12.80;12.62;3558.38;04.06.2025;15:28:43
12.70;12.64;3430.96;04.06.2025;15:28:44
12.80;12.73;3469.08;04.06.2025;15:28:45
12.83;12.81;3505.40;04.06.2025;15:28:46
12.86;12.74;3401.91;04.06.2025;15:28:47
12.68;12.79;3411.54;04.06.2025;15:28:48
12.69;12.81;3501.20;04.06.2025;15:28:49
12.74;12.81;3537.70;04.06.2025;15:28:50
12.89;12.77;3495.75;04.06.2025;15:28:51
12.87;12.86;3510.19;04.06.2025;15:28:52
12.86;12.91;3580.06;04.06.2025;15:28:53
12.82;12.91;3563.37;04.06.2025;15:28:54
13.01;12.89;3444.00;04.06.2025;15:28:55
13.00;12.88;3476.01;04.06.2025;15:28:56
12.96;12.89;3497.41;04.06.2025;15:28:57
12.84;12.89;3543.82;04.06.2025;15:28:58
13.01;13.00;3374.78;04.06.2025;15:28:59
12.90;12.94;3401.53;04.06.2025;15:29:00
13.00;12.94;3401.18;04.06.2025;15:29:01
13.12;13.04;3460.73;04.06.2025;15:29:02
12.89;12.99;0.00;04.06.2025;15:29:03
13.10;13.05;0.00;04.06.2025;15:29:04
13.09;13.01;0.00;04.06.2025;15:29:05
13.00;13.02;0.00;04.06.2025;15:29:06
12.95;13.02;0.00;04.06.2025;15:29:07
13.07;13.04;0.00;04.06.2025;15:29:08
13.00;12.98;0.00;04.06.2025;15:29:09
12.99;12.89;0.00;04.06.2025;15:29:10
12.92;13.02;0.00;04.06.2025;15:29:11
13.07;13.00;0.00;04.06.2025;15:29:12
13.06;13.03;0.00;04.06.2025;15:29:13
13.07;13.02;0.00;04.06.2025;15:29:14
13.05;13.00;0.00;04.06.2025;15:29:15
12.97;13.04;0.00;04.06.2025;15:29:16
13.07;12.97;0.00;04.06.2025;15:29:17
13.01;12.96;0.00;04.06.2025;15:29:18
13.08;13.01;0.00;04.06.2025;15:29:19
13.05;13.07;0.00;04.06.2025;15:29:20
13.12;13.01;0.00;04.06.2025;15:29:21
13.08;12.98;0.00;04.06.2025;15:29:22
13.09;12.94;0.00;04.06.2025;15:29:23
13.03;13.05;0.00;04.06.2025;15:29:24
12.94;13.02;0.00;04.06.2025;15:29:25
12.89;12.92;0.00;04.06.2025;15:29:26
13.02;13.00;0.00;04.06.2025;15:29:27
13.03;13.02;0.00;04.06.2025;15:29:28
13.05;12.93;0.00;04.06.2025;15:29:29
13.12;12.99;0.00;04.06.2025;15:29:30
12.89;12.99;0.00;04.06.2025;15:29:31
13.03;13.06;0.00;04.06.2025;15:29:32
12.95;12.99;0.00;04.06.2025;15:29:33
12.88;12.96;0.00;04.06.2025;15:29:34
12.89;13.01;0.00;04.06.2025;15:29:35
12.99;13.09;0.00;04.06.2025;15:29:36
13.00;13.01;0.00;04.06.2025;15:29:37
12.96;13.03;0.00;04.06.2025;15:29:38
13.05;12.97;0.00;04.06.2025;15:29:39
12.94;13.05;0.00;04.06.2025;15:29:40
12.92;12.96;0.00;04.06.2025;15:29:41
13.10;13.02;0.00;04.06.2025;15:29:42
13.02;13.01;0.00;04.06.2025;15:29:43
12.90;12.98;0.00;04.06.2025;15:29:44
13.09;13.07;0.00;04.06.2025;15:29:45
13.09;13.05;0.00;04.06.2025;15:29:46
12.96;12.94;0.00;04.06.2025;15:29:47
12.87;13.05;0.00;04.06.2025;15:29:48
12.94;13.03;0.00;04.06.2025;15:29:49
12.89;13.00;0.00;04.06.2025;15:29:50
12.96;12.95;0.00;04.06.2025;15:29:51
13.01;13.03;0.00;04.06.2025;15:29:52
12.91;12.97;0.00;04.06.2025;15:29:53
13.11;12.96;0.00;04.06.2025;15:29:54
12.89;13.03;0.00;04.06.2025;15:29:55
12.94;12.98;0.00;04.06.2025;15:29:56
13.04;12.96;0.00;04.06.2025;15:29:57
12.94;12.95;0.00;04.06.2025;15:29:58
13.11;13.06;0.00;04.06.2025;15:29:59
13.13;13.01;0.00;04.06.2025;15:30:00
13.08;13.02;0.00;04.06.2025;15:30:01
13.12;13.01;0.00;04.06.2025;15:30:02
12.96;12.99;0.00;04.06.2025;15:30:03
13.09;13.01;0.00;04.06.2025;15:30:04
12.99;13.07;0.00;04.06.2025;15:30:05
13.02;12.96;0.00;04.06.2025;15:30:06
12.96;12.95;0.00;04.06.2025;15:30:07
13.09;13.01;0.00;04.06.2025;15:30:08
12.93;13.00;0.00;04.06.2025;15:30:09
13.09;12.96;0.00;04.06.2025;15:30:10
12.98;12.96;0.00;04.06.2025;15:30:11
13.00;13.01;0.00;04.06.2025;15:30:12
13.08;13.05;0.00;04.06.2025;15:30:13
12.87;13.04;0.00;04.06.2025;15:30:14
13.11;13.05;0.00;04.06.2025;15:30:15
13.08;12.94;0.00;04.06.2025;15:30:16
13.11;12.90;0.00;04.06.2025;15:30:17
13.06;13.01;0.00;04.06.2025;15:30:18
13.07;13.05;0.00;04.06.2025;15:30:19
12.95;12.98;0.00;04.06.2025;15:30:20
12.97;13.06;0.00;04.06.2025;15:30:21
12.93;13.07;0.00;04.06.2025;15:30:22
12.95;13.03;0.00;04.06.2025;15:30:23
12.98;12.98;0.00;04.06.2025;15:30:24
13.11;13.00;0.00;04.06.2025;15:30:25
12.96;13.00;0.00;04.06.2025;15:30:26
13.10;13.03;0.00;04.06.2025;15:30:27
13.07;12.95;0.00;04.06.2025;15:30:28
13.10;12.99;0.00;04.06.2025;15:30:29
12.88;12.97;0.00;04.06.2025;15:30:30
12.95;13.04;0.00;04.06.2025;15:30:31
12.96;13.01;0.00;04.06.2025;15:30:32
13.11;12.98;0.00;04.06.2025;15:30:33
12.95;13.05;0.00;04.06.2025;15:30:34
13.07;12.92;0.00;04.06.2025;15:30:35
13.04;12.95;0.00;04.06.2025;15:30:36
13.02;13.01;0.00;04.06.2025;15:30:37
13.10;13.00;0.00;04.06.2025;15:30:38
12.92;13.00;0.00;04.06.2025;15:30:39
13.09;13.02;0.00;04.06.2025;15:30:40
12.87;13.04;0.00;04.06.2025;15:30:41
12.94;12.97;0.00;04.06.2025;15:30:42
13.01;13.03;0.00;04.06.2025;15:30:43
12.93;12.99;0.00;04.06.2025;15:30:44
13.01;13.01;0.00;04.06.2025;15:30:45
12.94;13.04;0.00;04.06.2025;15:30:46
13.12;13.00;0.00;04.06.2025;15:30:47
12.95;13.01;0.00;04.06.2025;15:30:48
12.94;12.98;0.00;04.06.2025;15:30:49
12.93;13.03;0.00;04.06.2025;15:30:50
13.01;13.02;0.00;04.06.2025;15:30:51
12.98;13.00;0.00;04.06.2025;15:30:52
12.92;13.00;0.00;04.06.2025;15:30:53
12.92;12.97;0.00;04.06.2025;15:30:54
13.13;13.01;0.00;04.06.2025;15:30:55
13.00;12.93;0.00;04.06.2025;15:30:56
12.87;13.04;0.00;04.06.2025;15:30:57
13.00;13.01;0.00;04.06.2025;15:30:58
13.08;12.98;0.00;04.06.2025;15:30:59
12.98;12.99;0.00;04.06.2025;15:31:00
12.99;13.00;0.00;04.06.2025;15:31:01
13.02;13.02;0.00;04.06.2025;15:31:02
13.07;12.99;3439.25;04.06.2025;15:31:02
13.11;13.00;3446.66;04.06.2025;15:31:03
13.16;12.99;3583.55;04.06.2025;15:31:04
13.03;13.01;3444.82;04.06.2025;15:31:05
12.96;13.10;3587.36;04.06.2025;15:31:06
13.06;13.10;3475.73;04.06.2025;15:31:07
13.23;13.08;3433.84;04.06.2025;15:31:08
13.24;13.18;3483.75;04.06.2025;15:31:09
13.12;13.10;3506.55;04.06.2025;15:31:10
13.25;13.14;3701.16;04.06.2025;15:31:11
13.22;13.17;3391.52;04.06.2025;15:31:12
13.14;13.23;3587.25;04.06.2025;15:31:13
13.20;13.20;3435.60;04.06.2025;15:31:14
13.16;13.24;3479.62;04.06.2025;15:31:15
13.23;13.22;3499.14;04.06.2025;15:31:16
13.14;13.24;3575.44;04.06.2025;15:31:17
13.36;13.34;3482.60;04.06.2025;15:31:18
13.35;13.29;3485.86;04.06.2025;15:31:19
13.18;13.32;3459.02;04.06.2025;15:31:20
13.34;13.37;3282.79;04.06.2025;15:31:21
13.43;13.30;3551.37;04.06.2025;15:31:22
13.42;13.28;3489.95;04.06.2025;15:31:23
13.30;13.35;3583.19;04.06.2025;15:31:24
13.48;13.35;3416.89;04.06.2025;15:31:25
13.47;13.31;3438.13;04.06.2025;15:31:26
13.37;13.41;3507.67;04.06.2025;15:31:27
13.48;13.35;3655.86;04.06.2025;15:31:28
13.48;13.43;3553.49;04.06.2025;15:31:29
13.46;13.49;3470.46;04.06.2025;15:31:30
13.46;13.45;3468.43;04.06.2025;15:31:31
13.54;13.50;3501.60;04.06.2025;15:31:32
13.42;13.52;3542.84;04.06.2025;15:31:33
13.57;13.54;3514.20;04.06.2025;15:31:34
13.48;13.55;3602.11;04.06.2025;15:31:35
13.61;13.60;3594.72;04.06.2025;15:31:36
13.59;13.57;3528.29;04.06.2025;15:31:37
13.51;13.59;3464.08;04.06.2025;15:31:38
13.56;13.64;3510.90;04.06.2025;15:31:39
13.62;13.56;3624.64;04.06.2025;15:31:40
13.54;13.65;3418.29;04.06.2025;15:31:41
13.55;13.72;3446.92;04.06.2025;15:31:42
13.71;13.76;3431.77;04.06.2025;15:31:43
13.83;13.67;3443.13;04.06.2025;15:31:44
13.65;13.75;3466.39;04.06.2025;15:31:45
13.73;13.74;3450.09;04.06.2025;15:31:46
13.80;13.67;3460.68;04.06.2025;15:31:47
13.69;13.79;3545.68;04.06.2025;15:31:48
13.78;13.81;3392.74;04.06.2025;15:31:49
13.71;13.79;3598.24;04.06.2025;15:31:50
13.83;13.83;3360.71;04.06.2025;15:31:51
13.81;13.84;3517.16;04.06.2025;15:31:52
13.83;13.93;3486.48;04.06.2025;15:31:53
13.98;13.89;3471.29;04.06.2025;15:31:54
13.77;13.88;3446.97;04.06.2025;15:31:55
14.00;13.85;3484.34;04.06.2025;15:31:56
13.84;13.91;3398.71;04.06.2025;15:31:57
13.86;13.87;3487.90;04.06.2025;15:31:58
13.96;13.94;3421.12;04.06.2025;15:31:59
13.84;13.98;3532.77;04.06.2025;15:32:00
13.94;13.97;3460.58;04.06.2025;15:32:01
13.94;14.00;3529.80;04.06.2025;15:32:02
14.10;14.01;0.00;04.06.2025;15:32:03
14.01;13.92;0.00;04.06.2025;15:32:04
13.89;13.95;0.00;04.06.2025;15:32:05
13.87;14.03;0.00;04.06.2025;15:32:06
13.86;13.98;0.00;04.06.2025;15:32:07
14.09;13.94;0.00;04.06.2025;15:32:08
14.02;13.99;0.00;04.06.2025;15:32:09
14.06;13.92;0.00;04.06.2025;15:32:10
13.97;14.01;0.00;04.06.2025;15:32:11
14.07;14.07;0.00;04.06.2025;15:32:12
14.03;14.01;0.00;04.06.2025;15:32:13
14.02;14.07;0.00;04.06.2025;15:32:14
14.12;14.04;0.00;04.06.2025;15:32:15
14.10;14.00;0.00;04.06.2025;15:32:16
13.90;14.01;0.00;04.06.2025;15:32:17
14.10;14.07;0.00;04.06.2025;15:32:18
13.94;14.00;0.00;04.06.2025;15:32:19
13.89;13.98;0.00;04.06.2025;15:32:20
14.09;13.97;0.00;04.06.2025;15:32:21
14.03;14.01;0.00;04.06.2025;15:32:22
13.87;14.05;0.00;04.06.2025;15:32:23
13.99;13.97;0.00;04.06.2025;15:32:24
13.96;13.95;0.00;04.06.2025;15:32:25
13.96;14.02;0.00;04.06.2025;15:32:26
14.06;13.95;0.00;04.06.2025;15:32:27
14.02;14.02;0.00;04.06.2025;15:32:28
13.97;13.96;0.00;04.06.2025;15:32:29
13.89;13.95;0.00;04.06.2025;15:32:30
14.03;13.91;0.00;04.06.2025;15:32:31
14.03;14.06;0.00;04.06.2025;15:32:32
13.96;14.04;0.00;04.06.2025;15:32:33
14.05;13.96;0.00;04.06.2025;15:32:34
13.86;14.04;0.00;04.06.2025;15:32:35
14.12;14.03;0.00;04.06.2025;15:32:36
14.13;13.92;0.00;04.06.2025;15:32:37
14.08;14.02;0.00;04.06.2025;15:32:38
14.09;14.02;0.00;04.06.2025;15:32:39
14.10;14.03;0.00;04.06.2025;15:32:40
14.00;14.04;0.00;04.06.2025;15:32:41
13.92;13.98;0.00;04.06.2025;15:32:42
13.98;14.00;0.00;04.06.2025;15:32:43
13.97;14.00;0.00;04.06.2025;15:32:44
14.10;14.06;0.00;04.06.2025;15:32:45
14.11;14.02;0.00;04.06.2025;15:32:46
14.06;14.10;0.00;04.06.2025;15:32:47
14.06;14.06;0.00;04.06.2025;15:32:48
13.98;14.03;0.00;04.06.2025;15:32:49
14.08;14.01;0.00;04.06.2025;15:32:50
14.10;14.03;0.00;04.06.2025;15:32:51
13.99;13.99;0.00;04.06.2025;15:32:52
14.10;14.04;0.00;04.06.2025;15:32:53
13.91;14.06;0.00;04.06.2025;15:32:54
13.86;14.05;0.00;04.06.2025;15:32:55
14.09;14.00;0.00;04.06.2025;15:32:56
14.02;13.99;0.00;04.06.2025;15:32:57
13.91;13.96;0.00;04.06.2025;15:32:58
13.88;13.99;0.00;04.06.2025;15:32:59
13.86;14.00;0.00;04.06.2025;15:33:00
13.93;14.00;0.00;04.06.2025;15:33:01
13.96;14.00;0.00;04.06.2025;15:33:02
13.97;13.94;0.00;04.06.2025;15:33:03
13.95;14.02;0.00;04.06.2025;15:33:04
13.88;14.03;0.00;04.06.2025;15:33:05
14.08;14.02;0.00;04.06.2025;15:33:06
14.00;14.01;0.00;04.06.2025;15:33:07
13.97;13.97;0.00;04.06.2025;15:33:08
13.89;13.95;0.00;04.06.2025;15:33:09
14.08;14.00;0.00;04.06.2025;15:33:10
14.07;14.02;0.00;04.06.2025;15:33:11
14.06;14.05;0.00;04.06.2025;15:33:12
14.07;14.00;0.00;04.06.2025;15:33:13
13.88;13.99;0.00;04.06.2025;15:33:14
14.07;13.96;0.00;04.06.2025;15:33:15
13.89;14.02;0.00;04.06.2025;15:33:16
14.00;14.03;0.00;04.06.2025;15:33:17
13.87;13.95;0.00;04.06.2025;15:33:18
14.12;13.97;0.00;04.06.2025;15:33:19
14.00;14.01;0.00;04.06.2025;15:33:20
13.89;13.95;0.00;04.06.2025;15:33:21
13.89;13.94;0.00;04.06.2025;15:33:22
14.05;13.98;0.00;04.06.2025;15:33:23
14.01;14.05;0.00;04.06.2025;15:33:24
14.05;13.94;0.00;04.06.2025;15:33:25
14.06;13.99;0.00;04.06.2025;15:33:26
13.98;13.96;0.00;04.06.2025;15:33:27
14.11;13.99;0.00;04.06.2025;15:33:28
13.93;13.98;0.00;04.06.2025;15:33:29
14.00;14.00;0.00;04.06.2025;15:33:30
13.95;13.93;0.00;04.06.2025;15:33:31
13.94;13.93;0.00;04.06.2025;15:33:32
13.99;13.98;0.00;04.06.2025;15:33:33
13.91;14.01;0.00;04.06.2025;15:33:34
14.01;13.95;0.00;04.06.2025;15:33:35
13.88;14.04;0.00;04.06.2025;15:33:36
13.96;13.92;0.00;04.06.2025;15:33:37
14.03;14.02;0.00;04.06.2025;15:33:38
14.08;13.92;0.00;04.06.2025;15:33:39
13.98;14.05;0.00;04.06.2025;15:33:40
13.91;13.99;0.00;04.06.2025;15:33:41
13.88;13.91;0.00;04.06.2025;15:33:42
13.91;14.03;0.00;04.06.2025;15:33:43
13.88;13.91;0.00;04.06.2025;15:33:44
13.89;13.98;0.00;04.06.2025;15:33:45
13.87;14.00;0.00;04.06.2025;15:33:46
14.09;14.02;0.00;04.06.2025;15:33:47
13.97;14.02;0.00;04.06.2025;15:33:48
13.98;14.05;0.00;04.06.2025;15:33:49
13.89;13.96;0.00;04.06.2025;15:33:50
14.09;14.02;0.00;04.06.2025;15:33:51
14.08;14.01;0.00;04.06.2025;15:33:52
13.97;14.03;0.00;04.06.2025;15:33:53
13.88;14.07;0.00;04.06.2025;15:33:54
13.93;14.02;0.00;04.06.2025;15:33:55
13.94;14.11;0.00;04.06.2025;15:33:56
13.96;13.96;0.00;04.06.2025;15:33:57
13.90;13.95;0.00;04.06.2025;15:33:58
13.91;14.02;0.00;04.06.2025;15:33:59
14.00;13.98;0.00;04.06.2025;15:34:00
14.07;14.08;0.00;04.06.2025;15:34:01
13.94;13.95;0.00;04.06.2025;15:34:02
14.04;13.97;3308.48;04.06.2025;15:34:02
13.96;13.96;3511.69;04.06.2025;15:34:03
14.11;14.07;3589.88;04.06.2025;15:34:04
13.98;14.12;3515.46;04.06.2025;15:34:05
13.94;14.06;3409.63;04.06.2025;15:34:06
14.21;14.13;3602.94;04.06.2025;15:34:07
13.98;14.09;3510.23;04.06.2025;15:34:08
14.02;14.13;3578.14;04.06.2025;15:34:09
14.03;14.16;3460.23;04.06.2025;15:34:10
14.11;14.22;3418.07;04.06.2025;15:34:11
14.21;14.18;3498.30;04.06.2025;15:34:12
14.27;14.24;3410.73;04.06.2025;15:34:13
14.24;14.23;3462.39;04.06.2025;15:34:14
14.16;14.22;3379.52;04.06.2025;15:34:15
14.31;14.16;3524.11;04.06.2025;15:34:16
14.21;14.29;3442.73;04.06.2025;15:34:17
14.32;14.31;3438.46;04.06.2025;15:34:18
14.33;14.28;3439.03;04.06.2025;15:34:19
14.40;14.24;3421.54;04.06.2025;15:34:20
14.44;14.32;3375.33;04.06.2025;15:34:21
14.39;14.35;3499.49;04.06.2025;15:34:22
14.31;14.29;3535.19;04.06.2025;15:34:23
14.34;14.37;3546.26;04.06.2025;15:34:24
14.38;14.33;3546.16;04.06.2025;15:34:25
14.40;14.37;3494.01;04.06.2025;15:34:26
14.53;14.39;3476.28;04.06.2025;15:34:27
14.51;14.42;3467.60;04.06.2025;15:34:28
14.59;14.43;3351.24;04.06.2025;15:34:29
14.54;14.48;3411.54;04.06.2025;15:34:30
14.47;14.48;3598.77;04.06.2025;15:34:31
14.57;14.50;3586.54;04.06.2025;15:34:32
14.54;14.47;3464.62;04.06.2025;15:34:33
14.41;14.48;3521.50;04.06.2025;15:34:34
14.51;14.53;3564.94;04.06.2025;15:34:35
14.66;14.56;3568.50;04.06.2025;15:34:36
14.64;14.59;3397.39;04.06.2025;15:34:37
14.71;14.56;3506.79;04.06.2025;15:34:38
14.60;14.63;3455.48;04.06.2025;15:34:39
14.51;14.63;3582.00;04.06.2025;15:34:40
14.68;14.64;3540.89;04.06.2025;15:34:41
14.56;14.67;3431.13;04.06.2025;15:34:42
14.64;14.71;3512.63;04.06.2025;15:34:43
14.63;14.74;3475.46;04.06.2025;15:34:44
14.57;14.63;3403.31;04.06.2025;15:34:45
14.68;14.72;3542.83;04.06.2025;15:34:46
14.65;14.71;3423.40;04.06.2025;15:34:47
14.83;14.76;3542.68;04.06.2025;15:34:48
14.68;14.81;3556.15;04.06.2025;15:34:49
14.71;14.82;3510.48;04.06.2025;15:34:50
14.82;14.87;3402.96;04.06.2025;15:34:51
14.79;14.84;3610.13;04.06.2025;15:34:52
14.94;14.90;3531.60;04.06.2025;15:34:53
14.73;14.86;3464.08;04.06.2025;15:34:54
14.96;14.89;3422.74;04.06.2025;15:34:55
15.05;14.82;3466.41;04.06.2025;15:34:56
15.06;14.87;3440.26;04.06.2025;15:34:57
14.95;14.96;3588.20;04.06.2025;15:34:58
15.02;14.99;3500.87;04.06.2025;15:34:59
14.99;14.88;3458.49;04.06.2025;15:35:00
14.89;14.99;3519.62;04.06.2025;15:35:01
14.95;14.92;3457.92;04.06.2025;15:35:02
15.13;14.95;0.00;04.06.2025;15:35:03
14.98;15.02;0.00;04.06.2025;15:35:04
15.08;15.07;0.00;04.06.2025;15:35:05
15.03;15.03;0.00;04.06.2025;15:35:06
14.90;15.05;0.00;04.06.2025;15:35:07
15.11;14.97;0.00;04.06.2025;15:35:08
15.06;15.01;0.00;04.06.2025;15:35:09
15.09;15.04;0.00;04.06.2025;15:35:10
14.98;15.00;0.00;04.06.2025;15:35:11
14.94;15.04;0.00;04.06.2025;15:35:12
15.11;14.95;0.00;04.06.2025;15:35:13
15.00;15.02;0.00;04.06.2025;15:35:14
15.05;14.88;0.00;04.06.2025;15:35:15
15.01;15.00;0.00;04.06.2025;15:35:16
14.99;14.95;0.00;04.06.2025;15:35:17
14.97;14.98;0.00;04.06.2025;15:35:18
14.95;15.06;0.00;04.06.2025;15:35:19
15.07;14.98;0.00;04.06.2025;15:35:20
14.98;14.95;0.00;04.06.2025;15:35:21
15.09;15.07;0.00;04.06.2025;15:35:22
15.07;15.08;0.00;04.06.2025;15:35:23
14.99;15.02;0.00;04.06.2025;15:35:24
14.97;14.93;0.00;04.06.2025;15:35:25
15.09;14.97;0.00;04.06.2025;15:35:26
15.06;14.96;0.00;04.06.2025;15:35:27
15.02;15.00;0.00;04.06.2025;15:35:28
14.95;14.98;0.00;04.06.2025;15:35:29
14.96;15.03;0.00;04.06.2025;15:35:30
15.13;15.03;0.00;04.06.2025;15:35:31
15.04;14.99;0.00;04.06.2025;15:35:32
15.08;14.96;0.00;04.06.2025;15:35:33
14.99;14.99;0.00;04.06.2025;15:35:34
14.90;15.04;0.00;04.06.2025;15:35:35
15.12;14.99;0.00;04.06.2025;15:35:36
15.07;15.03;0.00;04.06.2025;15:35:37
14.87;14.97;0.00;04.06.2025;15:35:38
14.89;15.08;0.00;04.06.2025;15:35:39
15.05;15.02;0.00;04.06.2025;15:35:40
15.00;15.05;0.00;04.06.2025;15:35:41
14.86;14.97;0.00;04.06.2025;15:35:42
15.07;14.96;0.00;04.06.2025;15:35:43
15.09;15.08;0.00;04.06.2025;15:35:44
15.08;15.00;0.00;04.06.2025;15:35:45
15.09;14.95;0.00;04.06.2025;15:35:46
15.03;15.04;0.00;04.06.2025;15:35:47
14.94;14.98;0.00;04.06.2025;15:35:48
15.03;14.98;0.00;04.06.2025;15:35:49
14.98;15.01;0.00;04.06.2025;15:35:50
14.95;14.99;0.00;04.06.2025;15:35:51
15.08;14.97;0.00;04.06.2025;15:35:52
15.11;15.03;0.00;04.06.2025;15:35:53
15.07;14.95;0.00;04.06.2025;15:35:54
15.00;14.97;0.00;04.06.2025;15:35:55
15.04;15.10;0.00;04.06.2025;15:35:56
14.94;14.95;0.00;04.06.2025;15:35:57
15.05;14.97;0.00;04.06.2025;15:35:58
15.09;15.00;0.00;04.06.2025;15:35:59
15.00;15.00;0.00;04.06.2025;15:36:00
15.11;15.01;0.00;04.06.2025;15:36:01
14.85;14.95;0.00;04.06.2025;15:36:02
15.14;15.05;0.00;04.06.2025;15:36:03
15.09;15.03;0.00;04.06.2025;15:36:04
15.09;14.97;0.00;04.06.2025;15:36:05
14.88;15.01;0.00;04.06.2025;15:36:06
14.98;14.97;0.00;04.06.2025;15:36:07
14.92;15.05;0.00;04.06.2025;15:36:08
15.01;14.95;0.00;04.06.2025;15:36:09
14.89;14.98;0.00;04.06.2025;15:36:10
14.85;15.02;0.00;04.06.2025;15:36:11
14.88;15.00;0.00;04.06.2025;15:36:12
14.99;15.02;0.00;04.06.2025;15:36:13
14.88;15.01;0.00;04.06.2025;15:36:14
15.15;15.02;0.00;04.06.2025;15:36:15
14.90;15.08;0.00;04.06.2025;15:36:16
15.01;15.00;0.00;04.06.2025;15:36:17
14.90;15.02;0.00;04.06.2025;15:36:18
14.90;15.13;0.00;04.06.2025;15:36:19
15.03;14.90;0.00;04.06.2025;15:36:20
14.86;14.96;0.00;04.06.2025;15:36:21
14.91;14.98;0.00;04.06.2025;15:36:22
14.95;15.03;0.00;04.06.2025;15:36:23
15.10;15.00;0.00;04.06.2025;15:36:24
15.03;14.99;0.00;04.06.2025;15:36:25
14.95;15.00;0.00;04.06.2025;15:36:26
15.10;15.01;0.00;04.06.2025;15:36:27
14.93;14.95;0.00;04.06.2025;15:36:28
15.09;14.99;0.00;04.06.2025;15:36:29
14.95;15.00;0.00;04.06.2025;15:36:30
15.14;15.00;0.00;04.06.2025;15:36:31
14.97;15.03;0.00;04.06.2025;15:36:32
14.91;15.01;0.00;04.06.2025;15:36:33
14.99;15.05;0.00;04.06.2025;15:36:34
15.04;14.93;0.00;04.06.2025;15:36:35
14.86;14.98;0.00;04.06.2025;15:36:36
15.01;14.98;0.00;04.06.2025;15:36:37
15.14;15.02;0.00;04.06.2025;15:36:38
14.89;15.01;0.00;04.06.2025;15:36:39
15.11;15.03;0.00;04.06.2025;15:36:40
14.86;15.00;0.00;04.06.2025;15:36:41
15.10;14.95;0.00;04.06.2025;15:36:42
14.96;15.02;0.00;04.06.2025;15:36:43
14.99;14.93;0.00;04.06.2025;15:36:44
14.98;15.00;0.00;04.06.2025;15:36:45
15.13;15.00;0.00;04.06.2025;15:36:46
15.01;14.95;0.00;04.06.2025;15:36:47
14.91;15.04;0.00;04.06.2025;15:36:48
14.94;15.03;0.00;04.06.2025;15:36:49
15.11;15.07;0.00;04.06.2025;15:36:50
14.94;14.95;0.00;04.06.2025;15:36:51
15.07;14.97;0.00;04.06.2025;15:36:52
14.86;14.99;0.00;04.06.2025;15:36:53
15.11;15.02;0.00;04.06.2025;15:36:54
15.12;15.03;0.00;04.06.2025;15:36:55
15.02;15.02;0.00;04.06.2025;15:36:56
14.86;15.02;0.00;04.06.2025;15:36:57
14.97;15.01;0.00;04.06.2025;15:36:58
14.88;15.00;0.00;04.06.2025;15:36:59
14.94;15.00;0.00;04.06.2025;15:37:00
14.98;14.97;0.00;04.06.2025;15:37:01
15.11;15.00;0.00;04.06.2025;15:37:02
